발신인,발신번호,착신인,착신번호,시작일자,시작시간,종료일자,종료시간,통화시간(분),업체명,발신위치,발신종료,비고1,비고2
변서연060,010-8060-1060,송우진049,010-8049-1049,2024-09-23,06:42:12,2024-09-23,06:45:55,3.72,SKT,수원 영통,서울 강남,,
전성호052,010-8052-1052,설진우045,010-8045-1045,2024-03-12,14:49:17,2024-03-12,14:50:36,1.33,LGU+,부산 해운대,부산 해운대,,
배성호,010-1232-1012,양준석070,010-8070-1070,2024-02-17,19:38:50,2024-02-17,19:45:21,6.52,KT,서울 강남,인천 부평,,
김철수,010-1100-1000,이영희,010-1111-1101,2024-04-27,18:14:00,2024-04-27,18:16:12,2.21,LGU+,서울 강남,부산 해운대,,
유태경008,010-8008-1008,황미경051,010-8051-1051,2024-03-20,21:04:09,2024-03-20,21:05:15,1.11,LGU+,인천 부평,서울 영등포,,
장도윤063,010-8063-1063,송우진017,010-8017-1017,2024-07-27,13:23:09,2024-07-27,13:37:23,14.24,SKT,인천 부평,대구 수성,,
안채원014,010-8014-1014,차미래055,010-8055-1055,2024-03-17,07:44:44,2024-03-17,07:46:58,2.24,SKT,인천 부평,대구 수성,,
류하준050,010-8050-1050,유태경024,010-8024-1024,2024-07-20,01:51:59,2024-07-20,02:02:48,10.82,SKT,대구 수성,서울 영등포,,
마준호043,010-8043-1043,차미래023,010-8023-1023,2024-03-14,10:50:23,2024-03-14,11:01:10,10.79,KT,인천 부평,수원 영통,,
변서연012,010-8012-1012,안채원014,010-8014-1014,2024-08-06,00:02:12,2024-08-06,00:18:04,15.87,SKT,부산 해운대,대전 유성,,
양준석054,010-8054-1054,유태경024,010-8024-1024,2024-06-13,15:49:43,2024-06-13,15:50:17,0.57,KT,부산 해운대,서울 강남,,
변서연060,010-8060-1060,고은비053,010-8053-1053,2024-01-14,18:10:35,2024-01-14,18:10:53,0.31,LGU+,대전 유성,수원 영통,,
노시우025,010-8025-1025,노시우057,010-8057-1057,2024-02-28,15:03:59,2024-02-28,15:15:09,11.18,SKT,대구 수성,인천 부평,,
노시우073,010-8073-1073,장도윤015,010-8015-1015,2024-03-03,11:47:40,2024-03-03,11:58:23,10.73,LGU+,인천 부평,서울 서초,,
설진우013,010-8013-1013,설진우045,010-8045-1045,2024-01-05,05:26:30,2024-01-05,05:33:11,6.69,LGU+,서울 서초,서울 영등포,,
전성호036,010-8036-1036,마준호059,010-8059-1059,2024-06-17,11:58:00,2024-06-17,12:09:41,11.69,SKT,부산 해운대,수원 영통,,
마준호043,010-8043-1043,문재혁,010-1254-1214,2024-09-11,23:06:37,2024-09-11,23:07:53,1.27,LGU+,대구 수성,서울 강남,,
도하린058,010-8058-1058,송우진001,010-8001-1001,2024-10-03,13:35:35,2024-10-03,13:45:25,9.84,LGU+,서울 서초,수원 영통,,
설진우045,010-8045-1045,노시우057,010-8057-1057,2024-08-18,23:53:27,2024-08-18,23:59:22,5.92,KT,서울 영등포,서울 영등포,,
송우진001,010-8001-1001,변서연060,010-8060-1060,2024-03-31,16:53:39,2024-03-31,16:53:57,0.3,LGU+,서울 영등포,수원 영통,,
정하늘,010-1144-1004,이영희,010-1111-1101,2024-03-10,14:11:03,2024-03-10,14:11:35,0.54,KT,부산 해운대,수원 영통,,
설진우077,010-8077-1077,유태경056,010-8056-1056,2024-03-31,14:32:41,2024-03-31,14:35:34,2.89,LGU+,대전 유성,서울 영등포,,
황미경035,010-8035-1035,송우진033,010-8033-1033,2024-03-06,07:40:11,2024-03-06,07:43:41,3.5,LGU+,서울 강남,부산 해운대,,
유태경040,010-8040-1040,류하준018,010-8018-1018,2024-05-23,12:48:37,2024-05-23,13:05:55,17.31,SKT,서울 서초,수원 영통,,
변서연044,010-8044-1044,양준석054,010-8054-1054,2024-05-19,10:31:20,2024-05-19,10:32:19,0.99,LGU+,부산 해운대,부산 해운대,,
류하준050,010-8050-1050,차미래023,010-8023-1023,2024-08-23,17:16:11,2024-08-23,17:17:08,0.96,LGU+,서울 영등포,서울 영등포,,
노시우073,010-8073-1073,유태경056,010-8056-1056,2024-01-26,02:40:25,2024-01-26,02:40:54,0.49,LGU+,대전 유성,대구 수성,,
송우진017,010-8017-1017,장도윤015,010-8015-1015,2024-04-25,22:18:00,2024-04-25,22:31:00,13.01,SKT,인천 부평,서울 영등포,,
노시우009,010-8009-1009,도하린042,010-8042-1042,2024-01-24,13:27:57,2024-01-24,13:29:01,1.07,KT,인천 부평,서울 서초,,
마준호059,010-8059-1059,남지연064,010-8064-1064,2024-02-02,16:49:32,2024-02-02,16:59:29,9.95,SKT,부산 해운대,수원 영통,,
류하준018,010-8018-1018,변서연076,010-8076-1076,2024-03-22,18:08:52,2024-03-22,18:23:20,14.47,LGU+,대구 수성,서울 서초,,
안채원062,010-8062-1062,설진우029,010-8029-1029,2024-03-20,05:06:37,2024-03-20,05:16:58,10.35,KT,서울 서초,대전 유성,,
송우진017,010-8017-1017,황미경051,010-8051-1051,2024-04-25,01:56:26,2024-04-25,02:11:57,15.53,LGU+,서울 서초,서울 서초,,
남지연048,010-8048-1048,배성호,010-1232-1112,2024-05-14,09:30:35,2024-05-14,09:38:33,7.97,KT,인천 부평,서울 영등포,,
황미경035,010-8035-1035,남지연016,010-8016-1016,2024-06-24,09:23:01,2024-06-24,09:23:55,0.9,SKT,대전 유성,인천 부평,,
임수빈,010-1221-1011,전성호036,010-8036-1036,2024-02-07,15:19:24,2024-02-07,15:35:06,15.71,SKT,서울 영등포,부산 해운대,,
남지연016,010-8016-1016,송우진001,010-8001-1001,2024-07-22,02:29:59,2024-07-22,02:40:39,10.68,KT,서울 영등포,부산 해운대,,
차미래007,010-8007-1007,황미경051,010-8051-1051,2024-10-06,13:02:47,2024-10-06,13:11:05,8.3,SKT,부산 해운대,인천 부평,,
류하준050,010-8050-1050,남지연048,010-8048-1048,2024-02-01,09:20:30,2024-02-01,09:31:20,10.84,SKT,수원 영통,서울 서초,,
조현우,010-1210-1010,양준석006,010-8006-1006,2024-02-21,13:21:45,2024-02-21,13:30:46,9.03,LGU+,서울 영등포,서울 강남,,
신소희,010-1265-1115,유태경072,010-8072-1072,2024-04-29,18:38:16,2024-04-29,18:45:21,7.09,SKT,부산 해운대,인천 부평,,
차미래055,010-8055-1055,설진우061,010-8061-1061,2024-01-16,17:51:54,2024-01-16,18:06:13,14.33,KT,대전 유성,서울 영등포,,
설진우077,010-8077-1077,류하준034,010-8034-1034,2024-01-05,14:47:19,2024-01-05,15:03:23,16.07,LGU+,서울 강남,수원 영통,,
김철수,010-1100-1000,이영희,010-1111-1101,2024-03-23,17:49:59,2024-03-23,18:00:00,10.02,SKT,대전 유성,수원 영통,,
황미경003,010-8003-1003,변서연012,010-8012-1012,2024-07-05,12:46:50,2024-07-05,12:47:58,1.14,SKT,부산 해운대,서울 영등포,,
신소희,010-1265-1015,노시우073,010-8073-1073,2024-03-07,18:54:31,2024-03-07,19:08:55,14.4,LGU+,서울 강남,서울 강남,,
노시우009,010-8009-1009,도하린010,010-8010-1010,2024-07-26,08:15:45,2024-07-26,08:21:41,5.94,SKT,대구 수성,수원 영통,,
도하린058,010-8058-1058,도하린010,010-8010-1010,2024-05-06,09:53:43,2024-05-06,10:05:38,11.92,SKT,서울 영등포,인천 부평,,
정하늘,010-1144-1004,신소희,010-1265-1015,2024-02-19,12:23:50,2024-02-19,12:41:36,17.78,LGU+,대전 유성,서울 영등포,,
설진우029,010-8029-1029,전성호068,010-8068-1068,2024-05-08,02:53:04,2024-05-08,03:04:41,11.63,LGU+,부산 해운대,서울 강남,,
도하린074,010-8074-1074,차미래039,010-8039-1039,2024-06-26,04:45:54,2024-06-26,04:46:30,0.61,KT,서울 서초,대전 유성,,
설진우061,010-8061-1061,장도윤047,010-8047-1047,2024-06-16,12:06:29,2024-06-16,12:23:48,17.33,KT,서울 강남,서울 강남,,
차미래055,010-8055-1055,송우진033,010-8033-1033,2024-06-23,01:39:37,2024-06-23,01:50:23,10.78,SKT,서울 강남,서울 서초,,
남지연000,010-8000-1000,도하린058,010-8058-1058,2024-06-29,12:22:51,2024-06-29,12:25:25,2.58,LGU+,수원 영통,서울 서초,,
류하준034,010-8034-1034,마준호075,010-8075-1075,2024-07-24,21:53:38,2024-07-24,21:54:33,0.93,KT,서울 서초,대구 수성,,
전성호068,010-8068-1068,황미경003,010-8003-1003,2024-08-19,11:32:19,2024-08-19,11:38:18,5.99,LGU+,대구 수성,대구 수성,,
유태경024,010-8024-1024,고은비037,010-8037-1037,2024-07-14,15:05:47,2024-07-14,15:06:36,0.82,LGU+,대구 수성,서울 영등포,,
고은비021,010-8021-1021,남지연032,010-8032-1032,2024-07-22,09:34:18,2024-07-22,09:40:08,5.84,LGU+,인천 부평,서울 서초,,
안채원046,010-8046-1046,송우진033,010-8033-1033,2024-07-05,07:20:34,2024-07-05,07:27:38,7.07,LGU+,서울 영등포,대전 유성,,
고은비069,010-8069-1069,전성호004,010-8004-1004,2024-02-07,19:38:02,2024-02-07,19:43:13,5.19,SKT,서울 서초,부산 해운대,,
노시우009,010-8009-1009,최지훈,010-1133-1003,2024-01-16,18:06:21,2024-01-16,18:20:35,14.24,SKT,서울 영등포,서울 강남,,
차미래039,010-8039-1039,장도윤015,010-8015-1015,2024-07-20,13:52:09,2024-07-20,13:54:29,2.34,LGU+,서울 서초,부산 해운대,,
설진우077,010-8077-1077,안채원078,010-8078-1078,2024-06-30,00:49:39,2024-06-30,01:03:53,14.24,LGU+,서울 영등포,서울 영등포,,
고은비053,010-8053-1053,송우진017,010-8017-1017,2024-10-05,03:26:29,2024-10-05,03:30:53,4.4,KT,인천 부평,대구 수성,,
류하준050,010-8050-1050,송우진017,010-8017-1017,2024-03-26,01:59:16,2024-03-26,02:01:25,2.15,SKT,부산 해운대,서울 서초,,
설진우013,010-8013-1013,장도윤079,010-8079-1079,2024-08-24,10:40:57,2024-08-24,10:45:25,4.48,LGU+,인천 부평,대구 수성,,
마준호075,010-8075-1075,안채원030,010-8030-1030,2024-10-06,21:04:26,2024-10-06,21:07:04,2.64,SKT,서울 서초,서울 서초,,
노시우025,010-8025-1025,안채원014,010-8014-1014,2024-07-04,07:29:20,2024-07-04,07:43:03,13.72,SKT,부산 해운대,수원 영통,,
차미래023,010-8023-1023,강민재,010-1188-1008,2024-01-03,22:53:30,2024-01-03,23:01:31,8.03,SKT,서울 서초,수원 영통,,
전성호052,010-8052-1052,차미래007,010-8007-1007,2024-06-14,08:43:20,2024-06-14,08:51:19,7.99,KT,대구 수성,대구 수성,,
전성호020,010-8020-1020,유태경072,010-8072-1072,2024-08-22,00:13:14,2024-08-22,00:25:17,12.05,LGU+,서울 영등포,서울 서초,,
설진우029,010-8029-1029,마준호011,010-8011-1011,2024-03-22,02:39:44,2024-03-22,02:50:08,10.4,KT,서울 서초,인천 부평,,
장도윤079,010-8079-1079,장도윤063,010-8063-1063,2024-06-23,12:50:48,2024-06-23,12:59:09,8.35,LGU+,대구 수성,부산 해운대,,
유태경056,010-8056-1056,전성호068,010-8068-1068,2024-03-09,04:38:18,2024-03-09,04:45:40,7.38,SKT,부산 해운대,대전 유성,,
노시우041,010-8041-1041,송우진033,010-8033-1033,2024-05-26,14:01:28,2024-05-26,14:12:43,11.26,LGU+,대구 수성,부산 해운대,,
이영희,010-1111-1201,김철수,010-1100-1100,2024-07-23,11:14:08,2024-07-23,11:23:47,9.66,SKT,서울 강남,서울 서초,,
박민수,010-1122-1002,신소희,010-1265-1015,2024-03-13,11:19:41,2024-03-13,11:32:33,12.87,KT,서울 영등포,서울 서초,,
송우진017,010-8017-1017,류하준034,010-8034-1034,2024-05-03,18:50:49,2024-05-03,18:57:05,6.28,LGU+,인천 부평,서울 강남,,
노시우073,010-8073-1073,양준석022,010-8022-1022,2024-03-16,22:21:53,2024-03-16,22:33:27,11.57,LGU+,서울 서초,부산 해운대,,
변서연076,010-8076-1076,양준석070,010-8070-1070,2024-04-26,18:01:34,2024-04-26,18:17:57,16.4,LGU+,대전 유성,서울 영등포,,
고은비053,010-8053-1053,류하준002,010-8002-1002,2024-05-25,17:47:31,2024-05-25,18:05:20,17.82,KT,서울 영등포,대구 수성,,
송우진033,010-8033-1033,설진우061,010-8061-1061,2024-04-27,15:42:46,2024-04-27,15:44:48,2.04,SKT,수원 영통,대전 유성,,
양준석022,010-8022-1022,변서연076,010-8076-1076,2024-09-09,16:27:06,2024-09-09,16:28:11,1.09,LGU+,부산 해운대,서울 서초,,
설진우077,010-8077-1077,전성호068,010-8068-1068,2024-08-12,15:52:46,2024-08-12,15:54:47,2.02,KT,서울 강남,대전 유성,,
남지연048,010-8048-1048,노시우009,010-8009-1009,2024-03-06,16:19:06,2024-03-06,16:22:06,3.0,SKT,서울 강남,대전 유성,,
노시우073,010-8073-1073,마준호043,010-8043-1043,2024-08-09,00:25:36,2024-08-09,00:31:35,5.99,LGU+,대구 수성,서울 강남,,
남지연016,010-8016-1016,도하린026,010-8026-1026,2024-04-25,18:28:10,2024-04-25,18:38:01,9.86,SKT,서울 서초,서울 영등포,,
고은비021,010-8021-1021,장도윤031,010-8031-1031,2024-01-21,04:51:23,2024-01-21,05:07:46,16.4,KT,대전 유성,서울 강남,,
안채원078,010-8078-1078,설진우013,010-8013-1013,2024-08-19,15:27:26,2024-08-19,15:40:32,13.1,KT,서울 강남,대전 유성,,
설진우013,010-8013-1013,전성호068,010-8068-1068,2024-01-27,01:12:19,2024-01-27,01:19:49,7.5,KT,서울 서초,대구 수성,,
전성호004,010-8004-1004,차미래023,010-8023-1023,2024-08-13,18:20:02,2024-08-13,18:30:26,10.41,SKT,서울 강남,인천 부평,,
마준호011,010-8011-1011,차미래007,010-8007-1007,2024-01-15,13:08:15,2024-01-15,13:23:49,15.57,KT,인천 부평,대구 수성,,
황미경067,010-8067-1067,마준호027,010-8027-1027,2024-02-05,22:12:15,2024-02-05,22:27:16,15.03,LGU+,서울 영등포,대구 수성,,
류하준066,010-8066-1066,고은비037,010-8037-1037,2024-07-06,18:24:40,2024-07-06,18:26:06,1.44,SKT,서울 영등포,대전 유성,,
유태경024,010-8024-1024,고은비053,010-8053-1053,2024-08-23,03:38:47,2024-08-23,03:46:12,7.42,KT,대구 수성,대구 수성,,
전성호020,010-8020-1020,황미경067,010-8067-1067,2024-07-30,21:13:27,2024-07-30,21:14:02,0.59,SKT,대전 유성,인천 부평,,
문재혁,010-1254-1114,송우진017,010-8017-1017,2024-04-09,12:35:32,2024-04-09,12:47:38,12.1,KT,수원 영통,대구 수성,,
송우진065,010-8065-1065,유태경008,010-8008-1008,2024-04-15,06:39:30,2024-04-15,06:39:57,0.45,KT,수원 영통,서울 강남,,
안채원062,010-8062-1062,도하린058,010-8058-1058,2024-07-08,08:27:21,2024-07-08,08:39:49,12.47,SKT,인천 부평,서울 영등포,,
도하린074,010-8074-1074,유태경056,010-8056-1056,2024-08-18,19:28:34,2024-08-18,19:30:28,1.91,SKT,부산 해운대,인천 부평,,
안채원030,010-8030-1030,장도윤079,010-8079-1079,2024-01-04,20:21:34,2024-01-04,20:22:11,0.62,KT,서울 서초,대전 유성,,
양준석022,010-8022-1022,유태경072,010-8072-1072,2024-01-17,03:21:22,2024-01-17,03:30:35,9.23,LGU+,서울 강남,서울 영등포,,
안채원030,010-8030-1030,오세진,010-1155-1205,2024-09-28,20:05:41,2024-09-28,20:06:42,1.02,KT,서울 강남,서울 서초,,
노시우073,010-8073-1073,고은비021,010-8021-1021,2024-04-23,22:14:21,2024-04-23,22:24:21,10.01,LGU+,대전 유성,서울 서초,,
신소희,010-1265-1015,설진우061,010-8061-1061,2024-02-01,02:17:24,2024-02-01,02:20:43,3.33,SKT,부산 해운대,서울 강남,,
최지훈,010-1133-1003,신소희,010-1265-1015,2024-04-02,17:18:20,2024-04-02,17:21:04,2.74,KT,인천 부평,인천 부평,,
전성호020,010-8020-1020,마준호043,010-8043-1043,2024-02-11,21:10:37,2024-02-11,21:12:38,2.02,SKT,대전 유성,서울 강남,,
고은비005,010-8005-1005,차미래039,010-8039-1039,2024-03-14,14:26:14,2024-03-14,14:41:43,15.49,KT,대구 수성,서울 강남,,
변서연028,010-8028-1028,도하린010,010-8010-1010,2024-10-04,17:23:03,2024-10-04,17:24:24,1.35,KT,서울 영등포,부산 해운대,,
양준석006,010-8006-1006,황미경003,010-8003-1003,2024-06-03,04:19:33,2024-06-03,04:37:03,17.51,KT,서울 영등포,서울 강남,,
고은비053,010-8053-1053,양준석070,010-8070-1070,2024-06-05,02:19:36,2024-06-05,02:21:00,1.41,KT,서울 영등포,대구 수성,,
강민재,010-1188-1008,윤다은,010-1166-1006,2024-01-15,05:17:44,2024-01-15,05:18:55,1.19,KT,대전 유성,서울 강남,,
황미경035,010-8035-1035,마준호059,010-8059-1059,2024-06-23,09:53:34,2024-06-23,10:04:51,11.29,KT,수원 영통,수원 영통,,
전성호004,010-8004-1004,전성호036,010-8036-1036,2024-01-21,16:03:46,2024-01-21,16:16:57,13.19,SKT,수원 영통,서울 서초,,
양준석070,010-8070-1070,장도윤015,010-8015-1015,2024-07-23,15:09:11,2024-07-23,15:19:15,10.07,LGU+,부산 해운대,서울 강남,,
조현우,010-1210-1210,도하린074,010-8074-1074,2024-09-07,02:57:32,2024-09-07,03:06:06,8.57,SKT,수원 영통,서울 영등포,,
배성호,010-1232-1212,남지연000,010-8000-1000,2024-08-06,02:18:52,2024-08-06,02:31:07,12.25,LGU+,수원 영통,부산 해운대,,
윤다은,010-1166-1106,노시우025,010-8025-1025,2024-06-09,11:12:47,2024-06-09,11:16:20,3.56,SKT,인천 부평,서울 서초,,
류하준002,010-8002-1002,고은비021,010-8021-1021,2024-07-10,19:43:24,2024-07-10,19:44:36,1.2,LGU+,대전 유성,서울 서초,,
양준석054,010-8054-1054,안채원030,010-8030-1030,2024-06-11,04:29:31,2024-06-11,04:39:47,10.28,KT,대구 수성,서울 서초,,
안채원014,010-8014-1014,노시우073,010-8073-1073,2024-04-05,12:02:03,2024-04-05,12:13:39,11.6,LGU+,대구 수성,서울 강남,,
홍예린,010-1243-1213,변서연060,010-8060-1060,2024-09-07,21:16:05,2024-09-07,21:27:59,11.91,KT,서울 영등포,대전 유성,,
설진우077,010-8077-1077,마준호043,010-8043-1043,2024-09-19,17:40:04,2024-09-19,17:52:04,12.0,KT,대전 유성,수원 영통,,
전성호036,010-8036-1036,도하린058,010-8058-1058,2024-07-18,00:37:19,2024-07-18,00:37:33,0.24,LGU+,수원 영통,서울 강남,,
노시우025,010-8025-1025,양준석022,010-8022-1022,2024-02-11,05:15:54,2024-02-11,05:20:21,4.46,SKT,부산 해운대,서울 영등포,,
설진우077,010-8077-1077,마준호011,010-8011-1011,2024-01-14,12:09:43,2024-01-14,12:18:28,8.75,KT,부산 해운대,서울 서초,,
황미경019,010-8019-1019,설진우029,010-8029-1029,2024-05-21,15:19:12,2024-05-21,15:33:49,14.62,SKT,서울 서초,부산 해운대,,
양준석022,010-8022-1022,도하린058,010-8058-1058,2024-10-04,05:41:20,2024-10-04,05:54:54,13.57,LGU+,서울 강남,서울 강남,,
김철수,010-1100-1100,황미경051,010-8051-1051,2024-08-30,18:33:25,2024-08-30,18:34:14,0.83,KT,서울 영등포,부산 해운대,,
장도윤031,010-8031-1031,황미경067,010-8067-1067,2024-05-20,14:42:12,2024-05-20,14:57:46,15.58,SKT,부산 해운대,대구 수성,,
안채원078,010-8078-1078,변서연060,010-8060-1060,2024-03-17,11:20:24,2024-03-17,11:21:28,1.07,LGU+,인천 부평,인천 부평,,
마준호043,010-8043-1043,차미래055,010-8055-1055,2024-03-15,05:53:21,2024-03-15,05:54:02,0.69,LGU+,인천 부평,수원 영통,,
노시우025,010-8025-1025,송우진049,010-8049-1049,2024-03-18,09:06:21,2024-03-18,09:15:25,9.07,SKT,수원 영통,대구 수성,,
이영희,010-1111-1001,김철수,010-1100-1000,2024-02-06,19:40:10,2024-02-06,19:50:14,10.08,SKT,서울 영등포,수원 영통,,
고은비053,010-8053-1053,안채원062,010-8062-1062,2024-01-09,03:30:55,2024-01-09,03:39:36,8.69,SKT,대전 유성,서울 영등포,,
변서연076,010-8076-1076,마준호059,010-8059-1059,2024-09-11,23:07:13,2024-09-11,23:16:33,9.34,KT,서울 영등포,부산 해운대,,
남지연048,010-8048-1048,한지우,010-1177-1207,2024-08-01,13:19:06,2024-08-01,13:24:37,5.53,KT,부산 해운대,부산 해운대,,
이영희,010-1111-1201,오세진,010-1155-1105,2024-06-06,19:47:52,2024-06-06,19:48:48,0.94,KT,수원 영통,서울 서초,,
도하린042,010-8042-1042,마준호027,010-8027-1027,2024-06-13,07:35:04,2024-06-13,07:42:37,7.56,LGU+,부산 해운대,부산 해운대,,
고은비069,010-8069-1069,노시우073,010-8073-1073,2024-04-25,05:57:10,2024-04-25,06:04:05,6.92,SKT,부산 해운대,부산 해운대,,
양준석054,010-8054-1054,장도윤031,010-8031-1031,2024-01-14,13:50:06,2024-01-14,13:57:47,7.69,LGU+,서울 영등포,인천 부평,,
장도윤031,010-8031-1031,양준석006,010-8006-1006,2024-06-25,03:44:03,2024-06-25,03:53:57,9.9,KT,부산 해운대,부산 해운대,,
마준호059,010-8059-1059,설진우077,010-8077-1077,2024-01-13,21:08:17,2024-01-13,21:25:24,17.12,LGU+,대전 유성,대전 유성,,
안채원062,010-8062-1062,고은비037,010-8037-1037,2024-03-12,04:01:19,2024-03-12,04:03:47,2.48,KT,서울 영등포,서울 서초,,
도하린042,010-8042-1042,고은비005,010-8005-1005,2024-07-15,13:37:35,2024-07-15,13:52:22,14.79,SKT,인천 부평,대전 유성,,
김철수,010-1100-1000,이영희,010-1111-1001,2024-01-17,10:04:32,2024-01-17,10:09:35,5.05,LGU+,수원 영통,부산 해운대,,
류하준066,010-8066-1066,변서연060,010-8060-1060,2024-03-25,13:31:57,2024-03-25,13:32:46,0.83,SKT,서울 영등포,서울 영등포,,
조현우,010-1210-1110,남지연016,010-8016-1016,2024-06-03,05:55:59,2024-06-03,06:11:53,15.9,SKT,대전 유성,인천 부평,,
박민수,010-1122-1202,문재혁,010-1254-1214,2024-08-12,14:33:33,2024-08-12,14:44:55,11.37,KT,대전 유성,인천 부평,,
배성호,010-1232-1112,오세진,010-1155-1105,2024-06-07,14:02:37,2024-06-07,14:03:17,0.67,SKT,서울 서초,인천 부평,,
변서연044,010-8044-1044,황미경003,010-8003-1003,2024-06-21,08:51:48,2024-06-21,09:02:51,11.05,SKT,대전 유성,대구 수성,,
조현우,010-1210-1110,노시우073,010-8073-1073,2024-06-12,18:38:49,2024-06-12,18:51:14,12.43,KT,부산 해운대,인천 부평,,
류하준018,010-8018-1018,장도윤079,010-8079-1079,2024-05-29,11:11:59,2024-05-29,11:16:45,4.78,SKT,대전 유성,서울 영등포,,
이영희,010-1111-1201,오세진,010-1155-1205,2024-07-07,15:35:33,2024-07-07,15:36:12,0.65,LGU+,대전 유성,대전 유성,,
도하린026,010-8026-1026,도하린058,010-8058-1058,2024-10-05,16:30:47,2024-10-05,16:31:21,0.57,SKT,서울 영등포,서울 영등포,,
송우진065,010-8065-1065,전성호052,010-8052-1052,2024-07-17,20:50:48,2024-07-17,20:53:28,2.67,SKT,서울 강남,수원 영통,,
한지우,010-1177-1207,윤다은,010-1166-1206,2024-08-22,20:01:03,2024-08-22,20:02:33,1.5,KT,대구 수성,서울 서초,,
장도윤015,010-8015-1015,차미래007,010-8007-1007,2024-02-01,10:06:54,2024-02-01,10:17:09,10.25,SKT,서울 강남,대전 유성,,
이영희,010-1111-1301,오세진,010-1155-1205,2024-08-14,09:55:37,2024-08-14,09:57:06,1.49,KT,서울 강남,서울 서초,,
송우진049,010-8049-1049,노시우057,010-8057-1057,2024-05-01,21:31:39,2024-05-01,21:36:54,5.25,LGU+,수원 영통,수원 영통,,
설진우061,010-8061-1061,설진우077,010-8077-1077,2024-09-08,21:39:46,2024-09-08,21:54:38,14.87,SKT,수원 영통,수원 영통,,
설진우013,010-8013-1013,마준호043,010-8043-1043,2024-08-21,00:54:10,2024-08-21,01:04:25,10.26,KT,대구 수성,대구 수성,,
윤다은,010-1166-1206,이영희,010-1111-1201,2024-07-28,20:09:04,2024-07-28,20:09:52,0.81,KT,대전 유성,대구 수성,,
마준호027,010-8027-1027,도하린026,010-8026-1026,2024-07-31,23:32:44,2024-07-31,23:50:03,17.32,KT,대구 수성,인천 부평,,
마준호043,010-8043-1043,안채원062,010-8062-1062,2024-08-12,07:48:27,2024-08-12,08:04:10,15.73,SKT,부산 해운대,서울 서초,,
유태경024,010-8024-1024,노시우009,010-8009-1009,2024-08-08,08:29:28,2024-08-08,08:45:35,16.12,LGU+,서울 영등포,대전 유성,,
유태경040,010-8040-1040,남지연032,010-8032-1032,2024-03-30,20:42:04,2024-03-30,20:49:19,7.26,KT,인천 부평,서울 서초,,
유태경056,010-8056-1056,황미경019,010-8019-1019,2024-05-06,11:15:15,2024-05-06,11:26:04,10.83,LGU+,서울 영등포,인천 부평,,
전성호004,010-8004-1004,송우진049,010-8049-1049,2024-02-04,07:27:39,2024-02-04,07:28:19,0.68,LGU+,서울 영등포,수원 영통,,
임수빈,010-1221-1011,황미경067,010-8067-1067,2024-02-02,08:45:36,2024-02-02,08:57:16,11.67,KT,수원 영통,대전 유성,,
노시우057,010-8057-1057,고은비037,010-8037-1037,2024-01-21,09:38:21,2024-01-21,09:46:36,8.25,LGU+,서울 영등포,서울 서초,,
양준석006,010-8006-1006,유태경040,010-8040-1040,2024-05-05,08:24:03,2024-05-05,08:24:22,0.33,KT,서울 영등포,서울 영등포,,
전성호020,010-8020-1020,송우진017,010-8017-1017,2024-09-28,22:58:19,2024-09-28,23:15:16,16.96,KT,서울 영등포,서울 영등포,,
노시우057,010-8057-1057,남지연000,010-8000-1000,2024-05-30,07:24:20,2024-05-30,07:24:42,0.37,LGU+,인천 부평,서울 강남,,
한지우,010-1177-1207,류하준034,010-8034-1034,2024-07-12,21:38:38,2024-07-12,21:40:18,1.67,SKT,부산 해운대,부산 해운대,,
도하린010,010-8010-1010,도하린074,010-8074-1074,2024-03-22,05:11:55,2024-03-22,05:18:52,6.96,SKT,서울 영등포,대전 유성,,
한지우,010-1177-1007,양준석038,010-8038-1038,2024-02-24,10:18:29,2024-02-24,10:36:17,17.81,LGU+,수원 영통,서울 영등포,,
남지연016,010-8016-1016,설진우013,010-8013-1013,2024-08-03,02:31:26,2024-08-03,02:41:31,10.09,SKT,대전 유성,서울 서초,,
강민재,010-1188-1108,설진우061,010-8061-1061,2024-04-25,05:28:04,2024-04-25,05:42:39,14.59,SKT,인천 부평,서울 강남,,
강민재,010-1188-1208,노시우073,010-8073-1073,2024-07-09,03:32:43,2024-07-09,03:49:02,16.33,SKT,부산 해운대,서울 강남,,
전성호068,010-8068-1068,남지연064,010-8064-1064,2024-01-09,15:46:25,2024-01-09,15:47:51,1.44,LGU+,서울 서초,수원 영통,,
문재혁,010-1254-1014,전성호004,010-8004-1004,2024-02-16,01:14:38,2024-02-16,01:19:21,4.72,LGU+,수원 영통,서울 강남,,
양준석070,010-8070-1070,고은비053,010-8053-1053,2024-01-01,15:12:11,2024-01-01,15:15:01,2.84,KT,대구 수성,인천 부평,,
송우진001,010-8001-1001,설진우029,010-8029-1029,2024-04-11,08:26:29,2024-04-11,08:27:15,0.77,LGU+,서울 서초,대구 수성,,
노시우009,010-8009-1009,서유진,010-1199-1209,2024-07-07,09:07:38,2024-07-07,09:24:00,16.37,KT,대구 수성,인천 부평,,
장도윤015,010-8015-1015,황미경035,010-8035-1035,2024-06-21,04:02:20,2024-06-21,04:15:02,12.71,LGU+,대구 수성,서울 강남,,
도하린010,010-8010-1010,전성호068,010-8068-1068,2024-03-15,20:31:27,2024-03-15,20:32:48,1.36,KT,수원 영통,부산 해운대,,
마준호043,010-8043-1043,류하준018,010-8018-1018,2024-09-04,06:16:06,2024-09-04,06:22:42,6.61,LGU+,서울 서초,수원 영통,,
한지우,010-1177-1107,안채원078,010-8078-1078,2024-05-28,06:26:07,2024-05-28,06:42:05,15.98,SKT,인천 부평,인천 부평,,
고은비037,010-8037-1037,남지연032,010-8032-1032,2024-07-02,02:55:55,2024-07-02,02:59:35,3.68,KT,서울 서초,부산 해운대,,
설진우061,010-8061-1061,양준석006,010-8006-1006,2024-07-04,19:10:30,2024-07-04,19:15:25,4.92,KT,인천 부평,서울 강남,,
송우진001,010-8001-1001,고은비069,010-8069-1069,2024-01-14,08:34:02,2024-01-14,08:34:46,0.74,KT,수원 영통,서울 서초,,
도하린010,010-8010-1010,안채원030,010-8030-1030,2024-02-29,22:48:43,2024-02-29,22:58:14,9.52,KT,서울 영등포,대구 수성,,
안채원030,010-8030-1030,전성호068,010-8068-1068,2024-03-27,11:50:15,2024-03-27,11:54:12,3.95,LGU+,부산 해운대,서울 서초,,
전성호068,010-8068-1068,차미래023,010-8023-1023,2024-02-25,07:13:19,2024-02-25,07:14:10,0.85,KT,수원 영통,서울 서초,,
송우진017,010-8017-1017,유태경008,010-8008-1008,2024-06-09,11:57:49,2024-06-09,12:06:23,8.58,SKT,서울 영등포,대전 유성,,
장도윤015,010-8015-1015,황미경067,010-8067-1067,2024-08-29,21:33:33,2024-08-29,21:42:03,8.5,KT,부산 해운대,인천 부평,,
설진우029,010-8029-1029,설진우013,010-8013-1013,2024-04-16,22:02:08,2024-04-16,22:12:44,10.6,SKT,대전 유성,대전 유성,,
박민수,010-1122-1102,강민재,010-1188-1108,2024-04-20,16:07:22,2024-04-20,16:15:40,8.31,KT,수원 영통,인천 부평,,
도하린058,010-8058-1058,설진우013,010-8013-1013,2024-06-16,06:06:13,2024-06-16,06:19:36,13.39,KT,부산 해운대,대구 수성,,
마준호027,010-8027-1027,류하준002,010-8002-1002,2024-05-31,12:49:34,2024-05-31,12:50:22,0.8,SKT,서울 서초,서울 영등포,,
전성호052,010-8052-1052,남지연048,010-8048-1048,2024-04-07,15:16:38,2024-04-07,15:16:50,0.21,LGU+,대구 수성,서울 강남,,
최지훈,010-1133-1003,이영희,010-1111-1001,2024-02-24,13:14:11,2024-02-24,13:15:26,1.25,LGU+,수원 영통,서울 강남,,
고은비021,010-8021-1021,노시우073,010-8073-1073,2024-09-22,21:54:55,2024-09-22,22:11:15,16.34,LGU+,수원 영통,서울 서초,,
마준호059,010-8059-1059,도하린042,010-8042-1042,2024-07-15,00:09:18,2024-07-15,00:10:31,1.22,KT,대전 유성,인천 부평,,
양준석070,010-8070-1070,류하준034,010-8034-1034,2024-01-16,05:44:17,2024-01-16,05:44:48,0.52,KT,서울 강남,인천 부평,,
유태경040,010-8040-1040,황미경003,010-8003-1003,2024-05-13,07:15:03,2024-05-13,07:16:05,1.04,LGU+,서울 강남,서울 강남,,
전성호020,010-8020-1020,차미래023,010-8023-1023,2024-02-13,18:32:48,2024-02-13,18:34:36,1.81,KT,인천 부평,대구 수성,,
전성호052,010-8052-1052,변서연012,010-8012-1012,2024-08-08,18:21:30,2024-08-08,18:25:06,3.6,LGU+,인천 부평,서울 강남,,
차미래071,010-8071-1071,전성호020,010-8020-1020,2024-07-04,22:34:35,2024-07-04,22:35:12,0.62,KT,서울 영등포,서울 서초,,
한지우,010-1177-1107,도하린010,010-8010-1010,2024-04-20,14:52:24,2024-04-20,14:52:50,0.44,SKT,대전 유성,부산 해운대,,
남지연064,010-8064-1064,남지연048,010-8048-1048,2024-02-16,10:21:37,2024-02-16,10:27:03,5.44,KT,서울 강남,서울 서초,,
도하린058,010-8058-1058,변서연060,010-8060-1060,2024-08-29,00:59:32,2024-08-29,01:15:51,16.32,KT,부산 해운대,서울 영등포,,
정하늘,010-1144-1104,이영희,010-1111-1101,2024-04-12,00:39:09,2024-04-12,00:39:39,0.51,KT,서울 서초,부산 해운대,,
양준석070,010-8070-1070,류하준018,010-8018-1018,2024-02-10,14:17:26,2024-02-10,14:18:18,0.87,SKT,부산 해운대,대전 유성,,
전성호068,010-8068-1068,설진우029,010-8029-1029,2024-03-16,18:01:55,2024-03-16,18:15:09,13.24,KT,서울 강남,수원 영통,,
변서연028,010-8028-1028,고은비037,010-8037-1037,2024-08-08,12:36:35,2024-08-08,12:53:54,17.33,SKT,대구 수성,서울 강남,,
변서연012,010-8012-1012,유태경040,010-8040-1040,2024-01-27,19:15:00,2024-01-27,19:31:12,16.21,KT,대구 수성,대전 유성,,
전성호020,010-8020-1020,장도윤031,010-8031-1031,2024-04-22,05:57:27,2024-04-22,05:58:58,1.53,LGU+,대전 유성,대구 수성,,
차미래023,010-8023-1023,류하준066,010-8066-1066,2024-09-08,11:40:29,2024-09-08,11:58:21,17.87,LGU+,부산 해운대,서울 강남,,
노시우025,010-8025-1025,변서연060,010-8060-1060,2024-01-19,22:43:17,2024-01-19,22:56:08,12.85,KT,대전 유성,대구 수성,,
송우진033,010-8033-1033,마준호075,010-8075-1075,2024-07-14,06:58:12,2024-07-14,07:11:46,13.58,SKT,부산 해운대,부산 해운대,,
송우진065,010-8065-1065,노시우025,010-8025-1025,2024-02-15,00:15:01,2024-02-15,00:24:28,9.45,SKT,수원 영통,서울 영등포,,
류하준018,010-8018-1018,김철수,010-1100-1100,2024-09-05,16:41:58,2024-09-05,16:43:13,1.26,SKT,서울 영등포,인천 부평,,
마준호059,010-8059-1059,고은비053,010-8053-1053,2024-08-24,00:58:35,2024-08-24,01:00:02,1.45,KT,서울 서초,서울 영등포,,
변서연060,010-8060-1060,류하준018,010-8018-1018,2024-02-02,05:09:20,2024-02-02,05:20:30,11.18,LGU+,대전 유성,대구 수성,,
강민재,010-1188-1208,최지훈,010-1133-1203,2024-08-28,06:23:43,2024-08-28,06:40:49,17.1,KT,수원 영통,인천 부평,,
장도윤031,010-8031-1031,남지연032,010-8032-1032,2024-06-21,15:43:25,2024-06-21,15:49:31,6.1,SKT,서울 서초,대구 수성,,
안채원062,010-8062-1062,전성호036,010-8036-1036,2024-09-05,15:36:17,2024-09-05,15:41:30,5.22,SKT,대전 유성,대구 수성,,
한지우,010-1177-1207,윤다은,010-1166-1206,2024-09-08,22:58:28,2024-09-08,22:58:46,0.3,SKT,대전 유성,서울 영등포,,
송우진049,010-8049-1049,노시우041,010-8041-1041,2024-07-19,19:48:10,2024-07-19,20:04:48,16.65,KT,인천 부평,부산 해운대,,
이영희,010-1111-1201,김철수,010-1100-1100,2024-07-24,08:04:13,2024-07-24,08:20:44,16.52,LGU+,대전 유성,부산 해운대,,
노시우041,010-8041-1041,고은비005,010-8005-1005,2024-05-07,05:36:00,2024-05-07,05:36:22,0.37,SKT,서울 영등포,수원 영통,,
도하린058,010-8058-1058,차미래055,010-8055-1055,2024-02-28,00:22:08,2024-02-28,00:32:44,10.6,LGU+,수원 영통,수원 영통,,
설진우077,010-8077-1077,마준호027,010-8027-1027,2024-07-11,19:09:32,2024-07-11,19:10:54,1.38,KT,서울 영등포,인천 부평,,
마준호043,010-8043-1043,차미래055,010-8055-1055,2024-02-28,02:36:15,2024-02-28,02:47:37,11.37,KT,서울 서초,인천 부평,,
설진우077,010-8077-1077,고은비021,010-8021-1021,2024-09-20,12:56:00,2024-09-20,13:02:33,6.55,SKT,서울 서초,서울 강남,,
서유진,010-1199-1009,오세진,010-1155-1005,2024-02-08,04:48:14,2024-02-08,04:49:33,1.32,LGU+,대구 수성,대전 유성,,
양준석022,010-8022-1022,황미경003,010-8003-1003,2024-04-05,00:28:51,2024-04-05,00:40:19,11.48,LGU+,대구 수성,대구 수성,,
설진우045,010-8045-1045,장도윤079,010-8079-1079,2024-05-13,10:18:44,2024-05-13,10:19:30,0.78,KT,인천 부평,인천 부평,,
류하준066,010-8066-1066,변서연060,010-8060-1060,2024-08-01,23:17:14,2024-08-01,23:34:05,16.86,KT,인천 부평,대전 유성,,
김철수,010-1100-1100,이영희,010-1111-1201,2024-06-12,16:11:35,2024-06-12,16:25:06,13.52,LGU+,서울 서초,대구 수성,,
변서연076,010-8076-1076,황미경051,010-8051-1051,2024-03-15,22:21:34,2024-03-15,22:28:34,7.01,SKT,대구 수성,서울 서초,,
변서연012,010-8012-1012,마준호075,010-8075-1075,2024-05-20,12:24:44,2024-05-20,12:39:20,14.6,KT,대구 수성,대구 수성,,
차미래071,010-8071-1071,송우진017,010-8017-1017,2024-06-18,03:35:07,2024-06-18,03:47:47,12.67,SKT,서울 영등포,대전 유성,,
도하린010,010-8010-1010,고은비069,010-8069-1069,2024-10-03,15:18:31,2024-10-03,15:28:23,9.88,SKT,서울 영등포,서울 영등포,,
권태영,010-1276-1116,송우진049,010-8049-1049,2024-06-30,05:11:15,2024-06-30,05:22:19,11.07,LGU+,대전 유성,서울 강남,,
전성호068,010-8068-1068,변서연060,010-8060-1060,2024-06-19,23:05:35,2024-06-19,23:06:55,1.34,LGU+,서울 서초,서울 영등포,,
홍예린,010-1243-1013,윤다은,010-1166-1006,2024-01-11,01:50:21,2024-01-11,01:50:52,0.52,SKT,부산 해운대,서울 서초,,
서유진,010-1199-1109,류하준066,010-8066-1066,2024-04-16,17:20:42,2024-04-16,17:29:49,9.13,KT,대전 유성,서울 영등포,,
황미경035,010-8035-1035,황미경051,010-8051-1051,2024-05-30,00:39:10,2024-05-30,00:39:38,0.47,KT,서울 서초,수원 영통,,
차미래039,010-8039-1039,전성호020,010-8020-1020,2024-01-20,04:33:35,2024-01-20,04:48:42,15.12,KT,대구 수성,서울 서초,,
차미래023,010-8023-1023,장도윤031,010-8031-1031,2024-03-17,12:23:00,2024-03-17,12:31:22,8.38,LGU+,서울 영등포,서울 영등포,,
강민재,010-1188-1008,변서연012,010-8012-1012,2024-01-01,06:30:04,2024-01-01,06:33:19,3.26,SKT,수원 영통,서울 강남,,
남지연000,010-8000-1000,차미래039,010-8039-1039,2024-06-28,03:21:29,2024-06-28,03:22:25,0.94,LGU+,서울 서초,수원 영통,,
황미경067,010-8067-1067,장도윤047,010-8047-1047,2024-06-10,14:43:29,2024-06-10,14:44:59,1.5,LGU+,서울 영등포,대전 유성,,
류하준002,010-8002-1002,황미경003,010-8003-1003,2024-09-29,19:26:10,2024-09-29,19:36:43,10.55,LGU+,수원 영통,인천 부평,,
황미경067,010-8067-1067,변서연028,010-8028-1028,2024-07-25,08:26:46,2024-07-25,08:28:58,2.21,LGU+,수원 영통,인천 부평,,
도하린010,010-8010-1010,송우진033,010-8033-1033,2024-02-12,02:01:48,2024-02-12,02:06:27,4.65,LGU+,인천 부평,수원 영통,,
고은비053,010-8053-1053,전성호068,010-8068-1068,2024-07-26,12:16:55,2024-07-26,12:18:07,1.21,KT,서울 서초,서울 서초,,
남지연000,010-8000-1000,노시우009,010-8009-1009,2024-07-26,09:16:02,2024-07-26,09:20:11,4.16,LGU+,서울 영등포,대전 유성,,
노시우057,010-8057-1057,송우진017,010-8017-1017,2024-04-29,01:51:05,2024-04-29,01:52:24,1.32,LGU+,대구 수성,인천 부평,,
강민재,010-1188-1208,차미래023,010-8023-1023,2024-08-08,14:35:35,2024-08-08,14:45:17,9.71,SKT,서울 강남,서울 서초,,
설진우061,010-8061-1061,남지연032,010-8032-1032,2024-02-14,16:36:50,2024-02-14,16:43:08,6.31,LGU+,대전 유성,인천 부평,,
류하준066,010-8066-1066,장도윤031,010-8031-1031,2024-04-03,22:59:41,2024-04-03,23:00:59,1.31,SKT,수원 영통,서울 영등포,,
전성호036,010-8036-1036,유태경008,010-8008-1008,2024-04-06,01:19:13,2024-04-06,01:34:31,15.31,SKT,서울 영등포,부산 해운대,,
서유진,010-1199-1109,류하준066,010-8066-1066,2024-04-23,13:19:17,2024-04-23,13:21:19,2.04,LGU+,서울 영등포,대구 수성,,
차미래055,010-8055-1055,차미래007,010-8007-1007,2024-02-17,18:00:14,2024-02-17,18:00:58,0.74,LGU+,서울 강남,서울 강남,,
문재혁,010-1254-1014,전성호036,010-8036-1036,2024-03-12,05:20:53,2024-03-12,05:29:33,8.67,SKT,대전 유성,서울 강남,,
양준석038,010-8038-1038,설진우029,010-8029-1029,2024-02-13,20:41:51,2024-02-13,20:49:28,7.62,KT,서울 강남,인천 부평,,
안채원078,010-8078-1078,황미경035,010-8035-1035,2024-07-01,02:22:11,2024-07-01,02:29:46,7.59,SKT,인천 부평,서울 강남,,
안채원062,010-8062-1062,양준석054,010-8054-1054,2024-06-20,19:25:22,2024-06-20,19:42:02,16.68,KT,대구 수성,부산 해운대,,
유태경040,010-8040-1040,장도윤063,010-8063-1063,2024-07-20,09:44:29,2024-07-20,09:53:52,9.39,LGU+,서울 서초,대전 유성,,
설진우045,010-8045-1045,전성호020,010-8020-1020,2024-04-25,19:09:22,2024-04-25,19:12:07,2.76,LGU+,인천 부평,대전 유성,,
차미래023,010-8023-1023,류하준002,010-8002-1002,2024-05-08,22:00:04,2024-05-08,22:08:15,8.2,SKT,부산 해운대,서울 영등포,,
류하준034,010-8034-1034,노시우073,010-8073-1073,2024-01-15,05:32:10,2024-01-15,05:48:50,16.68,LGU+,부산 해운대,서울 영등포,,
황미경035,010-8035-1035,마준호043,010-8043-1043,2024-01-06,00:49:42,2024-01-06,00:50:48,1.1,LGU+,서울 강남,서울 서초,,
도하린010,010-8010-1010,류하준018,010-8018-1018,2024-09-28,17:33:02,2024-09-28,17:39:17,6.25,KT,서울 서초,인천 부평,,
전성호068,010-8068-1068,류하준018,010-8018-1018,2024-08-05,17:32:06,2024-08-05,17:32:21,0.26,SKT,서울 영등포,수원 영통,,
최지훈,010-1133-1103,고은비021,010-8021-1021,2024-05-27,22:21:15,2024-05-27,22:21:50,0.59,LGU+,대전 유성,서울 영등포,,
안채원030,010-8030-1030,양준석022,010-8022-1022,2024-04-12,10:08:18,2024-04-12,10:10:24,2.1,SKT,부산 해운대,수원 영통,,
정하늘,010-1144-1104,임수빈,010-1221-1111,2024-05-06,04:06:03,2024-05-06,04:11:58,5.93,KT,대구 수성,부산 해운대,,
안채원014,010-8014-1014,차미래023,010-8023-1023,2024-08-12,00:11:36,2024-08-12,00:15:33,3.96,SKT,서울 영등포,서울 강남,,
안채원014,010-8014-1014,마준호011,010-8011-1011,2024-08-21,18:44:35,2024-08-21,18:50:13,5.64,SKT,수원 영통,서울 서초,,
김철수,010-1100-1100,이영희,010-1111-1301,2024-08-20,20:53:23,2024-08-20,20:57:09,3.77,KT,부산 해운대,인천 부평,,
배성호,010-1232-1012,송우진033,010-8033-1033,2024-02-23,02:21:10,2024-02-23,02:37:15,16.09,SKT,서울 서초,서울 서초,,
김철수,010-1100-1000,문재혁,010-1254-1114,2024-03-29,05:13:51,2024-03-29,05:14:18,0.45,SKT,대구 수성,서울 서초,,
노시우009,010-8009-1009,차미래023,010-8023-1023,2024-02-13,02:03:07,2024-02-13,02:04:00,0.89,LGU+,서울 강남,부산 해운대,,
최지훈,010-1133-1203,강민재,010-1188-1208,2024-09-03,11:35:59,2024-09-03,11:38:43,2.74,LGU+,서울 서초,인천 부평,,
변서연076,010-8076-1076,류하준050,010-8050-1050,2024-01-21,02:20:23,2024-01-21,02:22:02,1.65,LGU+,서울 서초,대구 수성,,
차미래071,010-8071-1071,차미래055,010-8055-1055,2024-04-01,00:55:23,2024-04-01,01:10:55,15.54,LGU+,대전 유성,대구 수성,,
장도윤015,010-8015-1015,안채원030,010-8030-1030,2024-07-12,12:45:30,2024-07-12,12:52:31,7.03,LGU+,대전 유성,서울 서초,,
황미경003,010-8003-1003,유태경008,010-8008-1008,2024-06-20,17:22:07,2024-06-20,17:29:08,7.02,LGU+,서울 영등포,서울 강남,,
강민재,010-1188-1108,윤다은,010-1166-1106,2024-05-22,18:14:51,2024-05-22,18:15:36,0.76,LGU+,서울 강남,인천 부평,,
변서연012,010-8012-1012,안채원062,010-8062-1062,2024-03-13,00:30:26,2024-03-13,00:30:51,0.42,LGU+,서울 서초,서울 서초,,
홍예린,010-1243-1013,장도윤047,010-8047-1047,2024-04-05,14:02:16,2024-04-05,14:10:44,8.48,KT,부산 해운대,인천 부평,,
권태영,010-1276-1016,최지훈,010-1133-1003,2024-01-17,19:09:43,2024-01-17,19:18:22,8.65,KT,대전 유성,수원 영통,,
이영희,010-1111-1301,김철수,010-1100-1100,2024-10-03,00:05:59,2024-10-03,00:19:47,13.81,SKT,서울 영등포,대구 수성,,
이영희,010-1111-1301,박민수,010-1122-1202,2024-09-01,16:58:54,2024-09-01,16:59:47,0.89,SKT,서울 서초,서울 영등포,,
송우진049,010-8049-1049,차미래023,010-8023-1023,2024-08-17,03:31:53,2024-08-17,03:46:45,14.87,LGU+,인천 부평,서울 강남,,
차미래055,010-8055-1055,유태경056,010-8056-1056,2024-01-10,12:36:27,2024-01-10,12:37:52,1.43,LGU+,서울 강남,서울 서초,,
장도윤031,010-8031-1031,마준호075,010-8075-1075,2024-08-14,18:16:03,2024-08-14,18:29:06,13.06,KT,대전 유성,부산 해운대,,
이영희,010-1111-1001,박민수,010-1122-1002,2024-02-04,21:55:15,2024-02-04,21:55:58,0.72,LGU+,부산 해운대,서울 강남,,
변서연076,010-8076-1076,전성호020,010-8020-1020,2024-04-14,22:26:06,2024-04-14,22:31:03,4.96,KT,대구 수성,서울 강남,,
남지연000,010-8000-1000,홍예린,010-1243-1213,2024-08-11,07:10:05,2024-08-11,07:14:20,4.25,KT,서울 강남,서울 강남,,
도하린026,010-8026-1026,노시우073,010-8073-1073,2024-06-07,06:07:38,2024-06-07,06:10:11,2.56,KT,대전 유성,인천 부평,,
변서연012,010-8012-1012,양준석022,010-8022-1022,2024-03-17,09:00:24,2024-03-17,09:01:09,0.75,SKT,부산 해운대,인천 부평,,
마준호059,010-8059-1059,서유진,010-1199-1209,2024-09-16,13:02:37,2024-09-16,13:03:46,1.16,KT,대전 유성,서울 강남,,
양준석054,010-8054-1054,안채원062,010-8062-1062,2024-08-31,13:24:20,2024-08-31,13:27:21,3.03,SKT,서울 서초,대전 유성,,
양준석070,010-8070-1070,박민수,010-1122-1002,2024-03-03,15:33:52,2024-03-03,15:34:31,0.66,SKT,서울 영등포,서울 서초,,
고은비021,010-8021-1021,송우진065,010-8065-1065,2024-09-14,15:25:01,2024-09-14,15:38:37,13.61,KT,대전 유성,서울 강남,,
송우진001,010-8001-1001,변서연076,010-8076-1076,2024-01-09,18:17:19,2024-01-09,18:30:55,13.61,KT,수원 영통,서울 영등포,,
송우진017,010-8017-1017,고은비021,010-8021-1021,2024-02-18,03:18:50,2024-02-18,03:19:14,0.4,KT,대구 수성,수원 영통,,
임수빈,010-1221-1111,안채원030,010-8030-1030,2024-05-09,21:09:45,2024-05-09,21:17:56,8.19,KT,서울 서초,수원 영통,,
고은비005,010-8005-1005,송우진049,010-8049-1049,2024-07-20,04:05:36,2024-07-20,04:06:28,0.87,KT,대전 유성,대전 유성,,
신소희,010-1265-1115,남지연064,010-8064-1064,2024-04-13,18:34:09,2024-04-13,18:37:57,3.8,LGU+,수원 영통,서울 서초,,
이영희,010-1111-1201,최지훈,010-1133-1203,2024-07-15,22:09:45,2024-07-15,22:10:13,0.48,KT,대구 수성,대전 유성,,
도하린074,010-8074-1074,노시우025,010-8025-1025,2024-07-05,03:50:11,2024-07-05,04:07:51,17.67,LGU+,대구 수성,서울 서초,,
도하린042,010-8042-1042,양준석022,010-8022-1022,2024-04-12,00:43:27,2024-04-12,00:45:48,2.35,LGU+,부산 해운대,수원 영통,,
황미경035,010-8035-1035,한지우,010-1177-1007,2024-01-22,10:49:25,2024-01-22,10:50:53,1.47,LGU+,대전 유성,대구 수성,,
설진우077,010-8077-1077,전성호020,010-8020-1020,2024-02-12,10:14:28,2024-02-12,10:29:30,15.04,SKT,서울 영등포,인천 부평,,
전성호020,010-8020-1020,차미래023,010-8023-1023,2024-08-12,12:54:56,2024-08-12,13:00:24,5.47,SKT,인천 부평,서울 강남,,
변서연028,010-8028-1028,마준호075,010-8075-1075,2024-07-14,03:08:06,2024-07-14,03:08:30,0.4,LGU+,서울 서초,서울 서초,,
전성호052,010-8052-1052,도하린026,010-8026-1026,2024-07-31,21:08:17,2024-07-31,21:08:50,0.55,LGU+,대전 유성,서울 서초,,
박민수,010-1122-1002,도하린010,010-8010-1010,2024-02-11,12:59:12,2024-02-11,13:07:46,8.58,SKT,대전 유성,서울 강남,,
전성호004,010-8004-1004,송우진033,010-8033-1033,2024-02-03,07:29:58,2024-02-03,07:47:38,17.68,LGU+,수원 영통,서울 서초,,
최지훈,010-1133-1203,문재혁,010-1254-1214,2024-09-11,11:59:51,2024-09-11,12:09:40,9.83,SKT,대구 수성,서울 서초,,
유태경008,010-8008-1008,황미경035,010-8035-1035,2024-01-15,22:38:31,2024-01-15,22:46:50,8.32,SKT,대구 수성,부산 해운대,,
전성호036,010-8036-1036,남지연048,010-8048-1048,2024-06-03,09:50:25,2024-06-03,10:06:28,16.06,SKT,수원 영통,대구 수성,,
남지연000,010-8000-1000,류하준002,010-8002-1002,2024-09-24,12:29:27,2024-09-24,12:30:08,0.69,SKT,서울 강남,수원 영통,,
이영희,010-1111-1201,최지훈,010-1133-1103,2024-06-13,14:28:28,2024-06-13,14:29:32,1.08,LGU+,수원 영통,서울 영등포,,
류하준034,010-8034-1034,마준호027,010-8027-1027,2024-08-02,15:42:51,2024-08-02,15:47:20,4.49,LGU+,인천 부평,서울 서초,,
강민재,010-1188-1208,최지훈,010-1133-1203,2024-09-14,16:26:10,2024-09-14,16:41:03,14.89,LGU+,서울 영등포,인천 부평,,
박민수,010-1122-1002,이영희,010-1111-1001,2024-02-22,11:49:35,2024-02-22,11:50:56,1.35,KT,서울 영등포,부산 해운대,,
유태경008,010-8008-1008,노시우041,010-8041-1041,2024-04-27,21:13:12,2024-04-27,21:19:21,6.15,KT,인천 부평,부산 해운대,,
변서연044,010-8044-1044,장도윤063,010-8063-1063,2024-05-07,18:27:51,2024-05-07,18:44:13,16.37,KT,인천 부평,대전 유성,,
차미래007,010-8007-1007,노시우025,010-8025-1025,2024-07-29,08:16:38,2024-07-29,08:24:50,8.21,LGU+,부산 해운대,서울 영등포,,
장도윤015,010-8015-1015,도하린058,010-8058-1058,2024-03-12,01:07:38,2024-03-12,01:21:44,14.11,LGU+,서울 서초,서울 서초,,
노시우025,010-8025-1025,류하준002,010-8002-1002,2024-08-05,17:35:07,2024-08-05,17:49:31,14.41,KT,인천 부평,서울 강남,,
도하린010,010-8010-1010,고은비037,010-8037-1037,2024-08-30,11:15:51,2024-08-30,11:16:55,1.08,KT,대구 수성,대구 수성,,
신소희,010-1265-1115,류하준050,010-8050-1050,2024-04-21,13:52:13,2024-04-21,14:01:37,9.41,KT,인천 부평,대전 유성,,
송우진001,010-8001-1001,황미경019,010-8019-1019,2024-09-09,02:59:50,2024-09-09,03:14:34,14.74,LGU+,서울 영등포,서울 강남,,
남지연016,010-8016-1016,고은비021,010-8021-1021,2024-09-17,07:26:00,2024-09-17,07:38:34,12.58,KT,부산 해운대,수원 영통,,
도하린058,010-8058-1058,남지연000,010-8000-1000,2024-07-27,06:10:52,2024-07-27,06:24:09,13.29,SKT,서울 영등포,서울 서초,,
양준석070,010-8070-1070,노시우041,010-8041-1041,2024-06-27,05:54:31,2024-06-27,06:10:04,15.56,KT,대전 유성,부산 해운대,,
송우진049,010-8049-1049,황미경003,010-8003-1003,2024-06-22,22:36:33,2024-06-22,22:46:38,10.09,KT,대구 수성,대전 유성,,
권태영,010-1276-1116,변서연060,010-8060-1060,2024-05-15,20:50:49,2024-05-15,21:01:38,10.83,SKT,서울 강남,수원 영통,,
전성호068,010-8068-1068,송우진033,010-8033-1033,2024-05-28,15:01:42,2024-05-28,15:02:49,1.13,KT,서울 서초,서울 강남,,
설진우013,010-8013-1013,마준호011,010-8011-1011,2024-07-04,07:55:54,2024-07-04,08:08:12,12.3,LGU+,대구 수성,대구 수성,,
고은비069,010-8069-1069,도하린010,010-8010-1010,2024-01-13,23:46:08,2024-01-14,00:03:51,17.72,LGU+,대전 유성,서울 영등포,,
변서연012,010-8012-1012,박민수,010-1122-1002,2024-01-14,06:34:38,2024-01-14,06:50:15,15.63,LGU+,서울 강남,수원 영통,,
마준호011,010-8011-1011,유태경024,010-8024-1024,2024-07-12,20:06:17,2024-07-12,20:22:11,15.91,LGU+,수원 영통,서울 영등포,,
류하준050,010-8050-1050,남지연032,010-8032-1032,2024-03-30,20:09:22,2024-03-30,20:21:31,12.15,LGU+,대전 유성,수원 영통,,
변서연012,010-8012-1012,황미경035,010-8035-1035,2024-01-16,12:51:22,2024-01-16,12:55:08,3.78,KT,대구 수성,인천 부평,,
송우진065,010-8065-1065,안채원014,010-8014-1014,2024-10-02,04:55:27,2024-10-02,05:05:41,10.24,LGU+,수원 영통,대구 수성,,
송우진049,010-8049-1049,장도윤031,010-8031-1031,2024-05-10,10:45:40,2024-05-10,10:49:58,4.3,KT,부산 해운대,대전 유성,,
양준석038,010-8038-1038,문재혁,010-1254-1114,2024-05-13,09:39:32,2024-05-13,09:49:42,10.17,SKT,서울 강남,대전 유성,,
변서연076,010-8076-1076,마준호075,010-8075-1075,2024-04-22,07:27:07,2024-04-22,07:43:15,16.14,LGU+,부산 해운대,수원 영통,,
장도윤063,010-8063-1063,송우진017,010-8017-1017,2024-09-19,09:16:26,2024-09-19,09:34:02,17.6,LGU+,인천 부평,서울 강남,,
차미래039,010-8039-1039,전성호068,010-8068-1068,2024-06-04,10:14:36,2024-06-04,10:29:10,14.57,LGU+,대구 수성,서울 영등포,,
배성호,010-1232-1112,류하준002,010-8002-1002,2024-04-16,18:09:48,2024-04-16,18:24:45,14.95,KT,서울 서초,인천 부평,,
안채원062,010-8062-1062,유태경024,010-8024-1024,2024-09-08,14:38:57,2024-09-08,14:40:18,1.36,LGU+,인천 부평,서울 서초,,
설진우029,010-8029-1029,설진우061,010-8061-1061,2024-08-08,11:44:37,2024-08-08,11:58:01,13.4,LGU+,서울 강남,수원 영통,,
변서연028,010-8028-1028,마준호043,010-8043-1043,2024-05-27,16:55:55,2024-05-27,17:05:28,9.55,SKT,서울 서초,인천 부평,,
조현우,010-1210-1110,남지연000,010-8000-1000,2024-05-13,12:15:28,2024-05-13,12:29:16,13.81,KT,인천 부평,서울 강남,,
남지연032,010-8032-1032,차미래007,010-8007-1007,2024-10-02,01:52:52,2024-10-02,02:05:29,12.63,KT,서울 영등포,대전 유성,,
도하린026,010-8026-1026,마준호027,010-8027-1027,2024-07-27,23:05:32,2024-07-27,23:12:15,6.72,SKT,대구 수성,서울 영등포,,
한지우,010-1177-1007,송우진017,010-8017-1017,2024-01-06,05:31:22,2024-01-06,05:41:15,9.89,LGU+,인천 부평,서울 영등포,,
신소희,010-1265-1215,전성호020,010-8020-1020,2024-07-27,20:59:56,2024-07-27,21:15:51,15.93,KT,부산 해운대,인천 부평,,
전성호036,010-8036-1036,도하린042,010-8042-1042,2024-04-28,10:53:37,2024-04-28,10:58:24,4.79,KT,인천 부평,서울 강남,,
최지훈,010-1133-1003,조현우,010-1210-1010,2024-02-10,00:16:13,2024-02-10,00:31:24,15.19,LGU+,대구 수성,서울 서초,,
유태경056,010-8056-1056,안채원014,010-8014-1014,2024-08-08,19:25:29,2024-08-08,19:35:31,10.04,LGU+,수원 영통,대구 수성,,
안채원062,010-8062-1062,고은비021,010-8021-1021,2024-09-03,05:30:57,2024-09-03,05:38:24,7.46,LGU+,서울 서초,대전 유성,,
고은비005,010-8005-1005,마준호059,010-8059-1059,2024-07-12,22:31:19,2024-07-12,22:32:47,1.48,SKT,대전 유성,수원 영통,,
전성호068,010-8068-1068,황미경035,010-8035-1035,2024-01-25,10:10:51,2024-01-25,10:18:38,7.79,SKT,서울 서초,서울 서초,,
노시우073,010-8073-1073,변서연044,010-8044-1044,2024-03-05,16:47:07,2024-03-05,17:02:26,15.32,SKT,서울 영등포,서울 영등포,,
남지연000,010-8000-1000,전성호036,010-8036-1036,2024-09-09,23:36:29,2024-09-09,23:52:04,15.59,SKT,대전 유성,서울 서초,,
장도윤079,010-8079-1079,황미경035,010-8035-1035,2024-05-03,07:14:39,2024-05-03,07:15:37,0.98,KT,대전 유성,부산 해운대,,
차미래071,010-8071-1071,설진우077,010-8077-1077,2024-05-26,10:14:32,2024-05-26,10:14:51,0.32,LGU+,서울 강남,서울 서초,,
변서연012,010-8012-1012,마준호043,010-8043-1043,2024-01-29,01:45:52,2024-01-29,02:00:24,14.54,KT,대전 유성,인천 부평,,
조현우,010-1210-1010,유태경056,010-8056-1056,2024-02-05,08:45:23,2024-02-05,08:55:46,10.39,SKT,인천 부평,대전 유성,,
마준호059,010-8059-1059,안채원046,010-8046-1046,2024-08-17,05:47:55,2024-08-17,06:01:43,13.81,SKT,대구 수성,인천 부평,,
강민재,010-1188-1008,오세진,010-1155-1005,2024-01-24,10:50:03,2024-01-24,10:50:37,0.58,KT,대구 수성,서울 영등포,,
배성호,010-1232-1012,안채원046,010-8046-1046,2024-02-24,02:00:19,2024-02-24,02:08:52,8.56,KT,서울 서초,서울 영등포,,
변서연012,010-8012-1012,차미래055,010-8055-1055,2024-03-05,17:15:49,2024-03-05,17:32:16,16.46,LGU+,서울 영등포,인천 부평,,
황미경035,010-8035-1035,황미경003,010-8003-1003,2024-08-01,12:54:04,2024-08-01,13:03:03,8.99,LGU+,수원 영통,서울 서초,,
홍예린,010-1243-1013,황미경067,010-8067-1067,2024-04-05,13:05:47,2024-04-05,13:07:07,1.34,LGU+,대전 유성,부산 해운대,,
차미래023,010-8023-1023,노시우073,010-8073-1073,2024-07-06,16:00:42,2024-07-06,16:01:25,0.72,LGU+,서울 강남,서울 서초,,
도하린010,010-8010-1010,장도윤031,010-8031-1031,2024-02-18,14:24:47,2024-02-18,14:31:31,6.74,LGU+,수원 영통,서울 강남,,
윤다은,010-1166-1206,이영희,010-1111-1301,2024-08-29,07:29:35,2024-08-29,07:29:58,0.39,SKT,서울 영등포,서울 서초,,
류하준002,010-8002-1002,설진우077,010-8077-1077,2024-04-02,11:56:59,2024-04-02,11:59:50,2.86,SKT,서울 강남,수원 영통,,
정하늘,010-1144-1204,유태경008,010-8008-1008,2024-07-12,19:22:22,2024-07-12,19:23:29,1.12,LGU+,대구 수성,서울 영등포,,
배성호,010-1232-1212,최지훈,010-1133-1203,2024-10-05,16:50:32,2024-10-05,17:00:57,10.42,KT,수원 영통,서울 강남,,
고은비021,010-8021-1021,송우진049,010-8049-1049,2024-01-17,21:54:36,2024-01-17,21:56:03,1.46,LGU+,수원 영통,대전 유성,,
노시우009,010-8009-1009,차미래055,010-8055-1055,2024-08-01,02:35:05,2024-08-01,02:48:03,12.98,SKT,서울 강남,대전 유성,,
노시우057,010-8057-1057,송우진065,010-8065-1065,2024-02-03,14:00:09,2024-02-03,14:10:40,10.53,SKT,대구 수성,서울 영등포,,
장도윤063,010-8063-1063,차미래055,010-8055-1055,2024-05-14,17:55:16,2024-05-14,18:09:31,14.25,KT,부산 해운대,대전 유성,,
최지훈,010-1133-1203,황미경067,010-8067-1067,2024-08-22,04:33:32,2024-08-22,04:45:45,12.22,KT,서울 영등포,수원 영통,,
류하준034,010-8034-1034,양준석054,010-8054-1054,2024-08-05,21:09:54,2024-08-05,21:10:23,0.49,SKT,부산 해운대,부산 해운대,,
장도윤063,010-8063-1063,류하준034,010-8034-1034,2024-08-10,15:50:48,2024-08-10,15:51:28,0.68,SKT,대구 수성,수원 영통,,
전성호052,010-8052-1052,송우진049,010-8049-1049,2024-08-23,02:39:26,2024-08-23,02:48:06,8.68,LGU+,서울 강남,대구 수성,,
남지연000,010-8000-1000,양준석038,010-8038-1038,2024-09-04,15:02:27,2024-09-04,15:11:49,9.38,KT,부산 해운대,부산 해운대,,
마준호011,010-8011-1011,도하린058,010-8058-1058,2024-04-02,11:30:29,2024-04-02,11:31:06,0.62,LGU+,대전 유성,인천 부평,,
전성호052,010-8052-1052,전성호004,010-8004-1004,2024-06-13,22:27:45,2024-06-13,22:42:14,14.49,SKT,대구 수성,서울 영등포,,
문재혁,010-1254-1214,윤다은,010-1166-1206,2024-08-19,07:26:21,2024-08-19,07:27:37,1.28,KT,대구 수성,서울 서초,,
도하린042,010-8042-1042,도하린074,010-8074-1074,2024-05-14,10:51:06,2024-05-14,11:05:31,14.43,SKT,대구 수성,수원 영통,,
양준석070,010-8070-1070,고은비053,010-8053-1053,2024-01-26,21:58:57,2024-01-26,22:16:32,17.59,SKT,수원 영통,서울 강남,,
류하준034,010-8034-1034,도하린026,010-8026-1026,2024-03-12,03:37:40,2024-03-12,03:40:27,2.79,SKT,서울 강남,수원 영통,,
박민수,010-1122-1002,유태경056,010-8056-1056,2024-03-24,17:40:57,2024-03-24,17:57:51,16.91,LGU+,대전 유성,인천 부평,,
윤다은,010-1166-1106,이영희,010-1111-1201,2024-05-17,18:02:48,2024-05-17,18:03:58,1.18,KT,수원 영통,인천 부평,,
안채원078,010-8078-1078,류하준034,010-8034-1034,2024-03-04,03:15:54,2024-03-04,03:23:48,7.91,SKT,수원 영통,서울 영등포,,
신소희,010-1265-1015,오세진,010-1155-1005,2024-01-26,19:47:31,2024-01-26,19:48:47,1.28,KT,부산 해운대,대전 유성,,
유태경008,010-8008-1008,남지연048,010-8048-1048,2024-05-22,02:18:40,2024-05-22,02:29:58,11.31,LGU+,대전 유성,서울 강남,,
류하준034,010-8034-1034,마준호043,010-8043-1043,2024-05-17,03:13:23,2024-05-17,03:21:00,7.62,KT,서울 강남,인천 부평,,
차미래039,010-8039-1039,양준석006,010-8006-1006,2024-09-20,04:10:46,2024-09-20,04:24:35,13.82,SKT,서울 강남,서울 강남,,
도하린010,010-8010-1010,설진우061,010-8061-1061,2024-04-07,01:41:28,2024-04-07,01:45:23,3.92,SKT,서울 서초,부산 해운대,,
남지연032,010-8032-1032,노시우073,010-8073-1073,2024-07-24,09:29:47,2024-07-24,09:47:26,17.65,LGU+,인천 부평,대구 수성,,
황미경051,010-8051-1051,전성호004,010-8004-1004,2024-08-20,21:43:10,2024-08-20,21:43:33,0.39,KT,부산 해운대,수원 영통,,
이영희,010-1111-1101,박민수,010-1122-1002,2024-03-17,17:02:53,2024-03-17,17:03:33,0.68,LGU+,서울 영등포,대구 수성,,
양준석054,010-8054-1054,마준호075,010-8075-1075,2024-04-18,00:25:30,2024-04-18,00:37:27,11.96,LGU+,부산 해운대,서울 강남,,
남지연064,010-8064-1064,남지연048,010-8048-1048,2024-04-16,04:30:48,2024-04-16,04:48:12,17.4,LGU+,인천 부평,서울 서초,,
권태영,010-1276-1116,장도윤031,010-8031-1031,2024-04-25,09:43:52,2024-04-25,09:59:16,15.41,LGU+,서울 강남,서울 서초,,
황미경051,010-8051-1051,고은비021,010-8021-1021,2024-06-02,14:11:35,2024-06-02,14:19:34,7.99,LGU+,인천 부평,서울 영등포,,
마준호011,010-8011-1011,변서연044,010-8044-1044,2024-05-30,14:47:51,2024-05-30,14:57:16,9.43,LGU+,대구 수성,부산 해운대,,
안채원030,010-8030-1030,남지연016,010-8016-1016,2024-02-29,10:55:20,2024-02-29,10:57:30,2.18,SKT,대전 유성,대전 유성,,
안채원046,010-8046-1046,차미래023,010-8023-1023,2024-05-10,22:30:55,2024-05-10,22:45:28,14.56,LGU+,서울 서초,대구 수성,,
장도윤015,010-8015-1015,류하준018,010-8018-1018,2024-09-14,16:42:16,2024-09-14,16:58:07,15.86,LGU+,대구 수성,대구 수성,,
도하린058,010-8058-1058,류하준018,010-8018-1018,2024-08-30,13:21:01,2024-08-30,13:25:02,4.02,KT,서울 서초,서울 영등포,,
마준호075,010-8075-1075,송우진065,010-8065-1065,2024-01-04,18:37:23,2024-01-04,18:38:27,1.08,KT,대구 수성,대전 유성,,
설진우013,010-8013-1013,노시우041,010-8041-1041,2024-03-16,21:37:07,2024-03-16,21:38:32,1.43,KT,서울 영등포,대구 수성,,
차미래039,010-8039-1039,남지연064,010-8064-1064,2024-05-31,17:34:11,2024-05-31,17:41:57,7.77,LGU+,서울 서초,부산 해운대,,
오세진,010-1155-1105,양준석006,010-8006-1006,2024-04-27,23:43:23,2024-04-27,23:50:09,6.78,LGU+,서울 영등포,인천 부평,,
권태영,010-1276-1216,윤다은,010-1166-1206,2024-07-31,20:06:53,2024-07-31,20:07:43,0.84,KT,인천 부평,서울 강남,,
권태영,010-1276-1016,차미래007,010-8007-1007,2024-03-18,22:42:06,2024-03-18,22:44:33,2.46,KT,대구 수성,부산 해운대,,
류하준050,010-8050-1050,안채원046,010-8046-1046,2024-06-06,04:55:51,2024-06-06,05:03:15,7.41,SKT,서울 서초,대구 수성,,
마준호011,010-8011-1011,고은비021,010-8021-1021,2024-05-05,08:05:18,2024-05-05,08:15:59,10.69,SKT,서울 강남,서울 강남,,
노시우041,010-8041-1041,설진우077,010-8077-1077,2024-07-13,09:01:35,2024-07-13,09:16:50,15.26,LGU+,대전 유성,서울 강남,,
류하준002,010-8002-1002,도하린026,010-8026-1026,2024-08-03,20:40:22,2024-08-03,20:46:44,6.37,SKT,서울 영등포,수원 영통,,
설진우077,010-8077-1077,류하준050,010-8050-1050,2024-05-10,23:02:32,2024-05-10,23:10:55,8.39,KT,인천 부평,서울 영등포,,
설진우077,010-8077-1077,안채원046,010-8046-1046,2024-05-03,06:12:54,2024-05-03,06:27:48,14.9,LGU+,수원 영통,부산 해운대,,
변서연060,010-8060-1060,송우진001,010-8001-1001,2024-07-23,14:44:41,2024-07-23,14:45:06,0.42,SKT,서울 강남,서울 강남,,
설진우045,010-8045-1045,황미경051,010-8051-1051,2024-07-24,12:59:49,2024-07-24,13:00:35,0.77,SKT,서울 강남,대전 유성,,
오세진,010-1155-1105,이영희,010-1111-1101,2024-04-16,20:13:16,2024-04-16,20:14:19,1.06,SKT,부산 해운대,서울 영등포,,
안채원014,010-8014-1014,유태경008,010-8008-1008,2024-03-18,00:52:53,2024-03-18,00:54:42,1.83,LGU+,인천 부평,인천 부평,,
임수빈,010-1221-1111,도하린026,010-8026-1026,2024-06-18,20:05:59,2024-06-18,20:14:38,8.65,KT,서울 서초,부산 해운대,,
황미경051,010-8051-1051,유태경056,010-8056-1056,2024-07-19,06:11:53,2024-07-19,06:12:09,0.28,SKT,대구 수성,서울 영등포,,
장도윤047,010-8047-1047,차미래007,010-8007-1007,2024-03-05,16:23:19,2024-03-05,16:24:04,0.75,SKT,서울 강남,수원 영통,,
고은비021,010-8021-1021,양준석006,010-8006-1006,2024-04-16,20:52:00,2024-04-16,20:52:51,0.85,KT,수원 영통,대전 유성,,
전성호020,010-8020-1020,노시우057,010-8057-1057,2024-04-04,13:53:29,2024-04-04,13:53:55,0.44,KT,대구 수성,부산 해운대,,
안채원014,010-8014-1014,고은비053,010-8053-1053,2024-01-03,12:40:24,2024-01-03,12:57:37,17.22,KT,부산 해운대,서울 서초,,
차미래055,010-8055-1055,안채원030,010-8030-1030,2024-07-05,00:50:41,2024-07-05,00:51:45,1.07,LGU+,대전 유성,서울 서초,,
변서연060,010-8060-1060,마준호011,010-8011-1011,2024-01-12,23:38:56,2024-01-12,23:53:21,14.43,KT,부산 해운대,서울 영등포,,
임수빈,010-1221-1211,변서연028,010-8028-1028,2024-10-02,09:10:49,2024-10-02,09:19:35,8.77,LGU+,수원 영통,서울 서초,,
류하준002,010-8002-1002,차미래023,010-8023-1023,2024-05-03,05:32:47,2024-05-03,05:33:53,1.11,SKT,수원 영통,수원 영통,,
장도윤079,010-8079-1079,차미래007,010-8007-1007,2024-02-13,13:27:55,2024-02-13,13:38:57,11.04,KT,부산 해운대,서울 영등포,,
박민수,010-1122-1102,이영희,010-1111-1201,2024-06-02,21:06:56,2024-06-02,21:07:18,0.37,SKT,서울 서초,서울 영등포,,
남지연064,010-8064-1064,류하준018,010-8018-1018,2024-04-27,10:54:14,2024-04-27,10:55:35,1.35,SKT,서울 강남,서울 서초,,
남지연064,010-8064-1064,황미경035,010-8035-1035,2024-05-30,07:29:32,2024-05-30,07:46:47,17.26,LGU+,인천 부평,인천 부평,,
도하린010,010-8010-1010,고은비037,010-8037-1037,2024-05-20,03:53:14,2024-05-20,03:54:19,1.09,KT,대구 수성,서울 영등포,,
변서연028,010-8028-1028,양준석038,010-8038-1038,2024-05-05,23:49:51,2024-05-05,23:51:04,1.22,KT,서울 강남,인천 부평,,
차미래039,010-8039-1039,유태경024,010-8024-1024,2024-02-05,06:35:14,2024-02-05,06:38:20,3.11,SKT,대구 수성,인천 부평,,
신소희,010-1265-1115,마준호043,010-8043-1043,2024-05-11,15:46:41,2024-05-11,16:00:15,13.57,KT,서울 영등포,대전 유성,,
신소희,010-1265-1015,노시우041,010-8041-1041,2024-02-14,12:42:06,2024-02-14,12:46:14,4.14,SKT,수원 영통,대전 유성,,
배성호,010-1232-1112,정하늘,010-1144-1104,2024-06-09,06:48:10,2024-06-09,06:57:38,9.47,LGU+,수원 영통,수원 영통,,
마준호059,010-8059-1059,설진우077,010-8077-1077,2024-09-27,13:18:37,2024-09-27,13:20:52,2.25,KT,인천 부평,수원 영통,,
노시우073,010-8073-1073,전성호052,010-8052-1052,2024-09-16,04:58:08,2024-09-16,05:10:13,12.09,LGU+,수원 영통,인천 부평,,
신소희,010-1265-1115,마준호059,010-8059-1059,2024-05-19,06:51:07,2024-05-19,06:57:44,6.62,LGU+,수원 영통,인천 부평,,
장도윤015,010-8015-1015,황미경067,010-8067-1067,2024-05-26,03:34:18,2024-05-26,03:39:08,4.84,KT,수원 영통,대전 유성,,
강민재,010-1188-1008,양준석038,010-8038-1038,2024-01-23,22:07:01,2024-01-23,22:22:27,15.44,LGU+,서울 서초,서울 영등포,,
황미경051,010-8051-1051,마준호059,010-8059-1059,2024-01-05,01:29:12,2024-01-05,01:29:45,0.56,LGU+,부산 해운대,서울 강남,,
남지연000,010-8000-1000,송우진001,010-8001-1001,2024-03-23,07:25:50,2024-03-23,07:29:32,3.71,KT,대구 수성,부산 해운대,,
양준석006,010-8006-1006,차미래007,010-8007-1007,2024-02-13,09:38:25,2024-02-13,09:40:58,2.56,LGU+,서울 서초,서울 영등포,,
권태영,010-1276-1216,윤다은,010-1166-1206,2024-08-20,11:42:47,2024-08-20,11:43:53,1.11,LGU+,대구 수성,서울 영등포,,
김철수,010-1100-1000,이영희,010-1111-1001,2024-02-24,20:19:53,2024-02-24,20:31:44,11.86,LGU+,부산 해운대,서울 영등포,,
강민재,010-1188-1108,안채원030,010-8030-1030,2024-04-17,23:37:44,2024-04-17,23:44:41,6.96,LGU+,대구 수성,서울 영등포,,
박민수,010-1122-1102,홍예린,010-1243-1113,2024-06-07,14:28:02,2024-06-07,14:30:00,1.97,KT,서울 서초,서울 서초,,
안채원062,010-8062-1062,황미경035,010-8035-1035,2024-04-21,10:35:56,2024-04-21,10:36:20,0.4,KT,대구 수성,서울 영등포,,
임수빈,010-1221-1111,도하린010,010-8010-1010,2024-06-26,14:41:16,2024-06-26,14:54:58,13.7,SKT,부산 해운대,인천 부평,,
남지연000,010-8000-1000,마준호059,010-8059-1059,2024-09-22,14:53:03,2024-09-22,14:55:29,2.44,KT,서울 서초,대전 유성,,
이영희,010-1111-1301,윤다은,010-1166-1206,2024-08-11,20:52:31,2024-08-11,20:53:58,1.46,KT,대전 유성,대구 수성,,
박민수,010-1122-1202,조현우,010-1210-1210,2024-09-11,23:27:11,2024-09-11,23:30:23,3.2,LGU+,부산 해운대,대전 유성,,
권태영,010-1276-1116,윤다은,010-1166-1106,2024-06-04,15:07:06,2024-06-04,15:07:36,0.51,LGU+,서울 영등포,대구 수성,,
문재혁,010-1254-1114,윤다은,010-1166-1106,2024-06-09,13:20:42,2024-06-09,13:21:13,0.53,SKT,수원 영통,서울 서초,,
양준석006,010-8006-1006,양준석054,010-8054-1054,2024-06-02,01:28:26,2024-06-02,01:36:43,8.29,SKT,서울 강남,수원 영통,,
남지연016,010-8016-1016,전성호004,010-8004-1004,2024-08-07,01:32:39,2024-08-07,01:45:31,12.88,KT,서울 서초,서울 서초,,
고은비021,010-8021-1021,노시우073,010-8073-1073,2024-01-06,16:19:21,2024-01-06,16:21:03,1.7,KT,대구 수성,서울 강남,,
도하린026,010-8026-1026,안채원078,010-8078-1078,2024-07-09,16:38:16,2024-07-09,16:47:17,9.03,SKT,대전 유성,서울 영등포,,
마준호043,010-8043-1043,남지연016,010-8016-1016,2024-05-13,17:12:31,2024-05-13,17:18:18,5.79,SKT,수원 영통,서울 서초,,
장도윤063,010-8063-1063,송우진049,010-8049-1049,2024-04-05,12:00:19,2024-04-05,12:17:56,17.62,LGU+,서울 강남,대전 유성,,
설진우013,010-8013-1013,이영희,010-1111-1301,2024-08-16,11:58:00,2024-08-16,11:58:15,0.26,SKT,서울 강남,대전 유성,,
윤다은,010-1166-1106,이영희,010-1111-1101,2024-04-30,20:43:58,2024-04-30,20:44:32,0.57,SKT,서울 서초,대구 수성,,
남지연032,010-8032-1032,장도윤015,010-8015-1015,2024-01-16,17:01:33,2024-01-16,17:02:25,0.87,SKT,부산 해운대,대전 유성,,
노시우073,010-8073-1073,유태경072,010-8072-1072,2024-04-19,23:26:56,2024-04-19,23:30:50,3.91,SKT,대구 수성,대전 유성,,
도하린074,010-8074-1074,변서연060,010-8060-1060,2024-10-03,16:46:14,2024-10-03,16:46:53,0.65,SKT,수원 영통,서울 서초,,
도하린058,010-8058-1058,마준호043,010-8043-1043,2024-07-09,15:16:36,2024-07-09,15:27:06,10.5,LGU+,대전 유성,대전 유성,,
송우진017,010-8017-1017,조현우,010-1210-1210,2024-09-15,23:45:48,2024-09-15,23:46:57,1.15,SKT,서울 강남,서울 영등포,,
마준호027,010-8027-1027,남지연000,010-8000-1000,2024-02-26,02:51:29,2024-02-26,02:52:13,0.74,SKT,인천 부평,서울 영등포,,
안채원030,010-8030-1030,임수빈,010-1221-1111,2024-06-09,23:32:34,2024-06-09,23:46:19,13.76,LGU+,수원 영통,서울 강남,,
안채원062,010-8062-1062,양준석054,010-8054-1054,2024-03-14,19:13:33,2024-03-14,19:28:40,15.13,KT,서울 강남,서울 서초,,
장도윤047,010-8047-1047,남지연016,010-8016-1016,2024-08-30,02:01:28,2024-08-30,02:08:45,7.29,SKT,부산 해운대,대전 유성,,
양준석006,010-8006-1006,전성호052,010-8052-1052,2024-04-10,00:43:52,2024-04-10,00:44:08,0.27,LGU+,부산 해운대,수원 영통,,
조현우,010-1210-1210,남지연064,010-8064-1064,2024-08-21,11:03:39,2024-08-21,11:15:29,11.84,LGU+,수원 영통,수원 영통,,
전성호068,010-8068-1068,차미래023,010-8023-1023,2024-07-21,00:47:47,2024-07-21,00:48:08,0.36,LGU+,부산 해운대,서울 서초,,
노시우025,010-8025-1025,설진우061,010-8061-1061,2024-09-18,06:03:39,2024-09-18,06:04:55,1.27,SKT,대구 수성,수원 영통,,
황미경035,010-8035-1035,고은비069,010-8069-1069,2024-06-20,13:22:33,2024-06-20,13:36:05,13.54,LGU+,서울 서초,서울 강남,,
윤다은,010-1166-1206,이영희,010-1111-1201,2024-07-14,12:42:50,2024-07-14,12:44:06,1.27,SKT,수원 영통,서울 강남,,
강민재,010-1188-1008,변서연060,010-8060-1060,2024-01-17,09:26:11,2024-01-17,09:40:15,14.07,LGU+,대구 수성,대전 유성,,
장도윤047,010-8047-1047,양준석022,010-8022-1022,2024-04-05,07:50:00,2024-04-05,07:50:37,0.62,SKT,인천 부평,서울 강남,,
정하늘,010-1144-1104,강민재,010-1188-1008,2024-04-12,04:15:50,2024-04-12,04:25:14,9.4,KT,대전 유성,수원 영통,,
차미래023,010-8023-1023,마준호011,010-8011-1011,2024-07-04,06:25:06,2024-07-04,06:25:56,0.84,SKT,대구 수성,서울 서초,,
류하준050,010-8050-1050,남지연048,010-8048-1048,2024-10-06,13:39:42,2024-10-06,13:49:51,10.15,SKT,대구 수성,수원 영통,,
차미래039,010-8039-1039,변서연012,010-8012-1012,2024-02-16,20:25:20,2024-02-16,20:36:54,11.57,LGU+,서울 영등포,대구 수성,,
장도윤079,010-8079-1079,마준호027,010-8027-1027,2024-05-01,10:34:47,2024-05-01,10:36:08,1.36,SKT,수원 영통,서울 서초,,
도하린042,010-8042-1042,송우진033,010-8033-1033,2024-05-29,23:14:19,2024-05-29,23:27:22,13.05,SKT,인천 부평,서울 서초,,
문재혁,010-1254-1114,마준호059,010-8059-1059,2024-06-09,13:07:34,2024-06-09,13:14:39,7.09,SKT,수원 영통,인천 부평,,
홍예린,010-1243-1213,안채원078,010-8078-1078,2024-08-14,06:05:57,2024-08-14,06:08:39,2.71,SKT,대구 수성,대전 유성,,
도하린026,010-8026-1026,장도윤015,010-8015-1015,2024-06-19,06:42:51,2024-06-19,06:58:40,15.83,SKT,대구 수성,서울 영등포,,
장도윤047,010-8047-1047,류하준018,010-8018-1018,2024-07-11,17:01:40,2024-07-11,17:10:02,8.38,KT,대구 수성,서울 영등포,,
송우진065,010-8065-1065,도하린074,010-8074-1074,2024-04-03,07:07:09,2024-04-03,07:08:55,1.78,SKT,서울 서초,대전 유성,,
노시우025,010-8025-1025,마준호011,010-8011-1011,2024-05-21,12:14:02,2024-05-21,12:15:47,1.75,SKT,서울 영등포,부산 해운대,,
유태경008,010-8008-1008,고은비021,010-8021-1021,2024-08-17,17:41:03,2024-08-17,17:42:24,1.36,KT,서울 영등포,서울 서초,,
장도윤047,010-8047-1047,마준호027,010-8027-1027,2024-01-10,18:05:59,2024-01-10,18:09:38,3.66,SKT,수원 영통,대전 유성,,
송우진017,010-8017-1017,안채원078,010-8078-1078,2024-05-24,21:21:59,2024-05-24,21:38:29,16.51,KT,수원 영통,대전 유성,,
장도윤063,010-8063-1063,유태경072,010-8072-1072,2024-01-08,05:17:10,2024-01-08,05:24:26,7.27,SKT,부산 해운대,부산 해운대,,
유태경008,010-8008-1008,변서연060,010-8060-1060,2024-02-04,03:17:52,2024-02-04,03:32:10,14.31,LGU+,서울 서초,수원 영통,,
박민수,010-1122-1102,이영희,010-1111-1101,2024-03-31,13:01:11,2024-03-31,13:02:20,1.16,KT,대구 수성,부산 해운대,,
도하린058,010-8058-1058,남지연000,010-8000-1000,2024-02-11,03:56:49,2024-02-11,04:07:44,10.93,SKT,인천 부평,인천 부평,,
유태경008,010-8008-1008,신소희,010-1265-1015,2024-01-08,16:03:23,2024-01-08,16:11:17,7.9,KT,대구 수성,대구 수성,,
차미래023,010-8023-1023,노시우041,010-8041-1041,2024-04-05,11:15:04,2024-04-05,11:19:43,4.66,KT,대전 유성,서울 영등포,,
황미경035,010-8035-1035,양준석038,010-8038-1038,2024-03-11,15:45:21,2024-03-11,15:55:01,9.67,LGU+,인천 부평,대전 유성,,
장도윤079,010-8079-1079,정하늘,010-1144-1104,2024-04-16,08:38:18,2024-04-16,08:42:21,4.06,SKT,인천 부평,대구 수성,,
변서연060,010-8060-1060,류하준018,010-8018-1018,2024-07-29,13:37:19,2024-07-29,13:39:23,2.07,KT,대구 수성,수원 영통,,
송우진049,010-8049-1049,류하준066,010-8066-1066,2024-06-18,01:25:15,2024-06-18,01:26:57,1.71,KT,부산 해운대,대구 수성,,
전성호052,010-8052-1052,노시우009,010-8009-1009,2024-01-31,04:08:15,2024-01-31,04:10:25,2.18,SKT,대구 수성,수원 영통,,
도하린042,010-8042-1042,안채원014,010-8014-1014,2024-01-28,13:49:08,2024-01-28,13:50:18,1.18,KT,수원 영통,서울 영등포,,
황미경035,010-8035-1035,양준석054,010-8054-1054,2024-07-16,06:20:32,2024-07-16,06:27:29,6.96,SKT,서울 서초,서울 강남,,
남지연016,010-8016-1016,송우진033,010-8033-1033,2024-05-29,21:16:26,2024-05-29,21:16:50,0.41,KT,부산 해운대,서울 영등포,,
마준호011,010-8011-1011,변서연076,010-8076-1076,2024-05-25,18:25:30,2024-05-25,18:26:26,0.94,KT,대구 수성,부산 해운대,,
설진우077,010-8077-1077,송우진033,010-8033-1033,2024-09-20,03:31:38,2024-09-20,03:32:07,0.49,KT,서울 강남,대구 수성,,
변서연044,010-8044-1044,노시우009,010-8009-1009,2024-05-21,04:57:25,2024-05-21,04:57:46,0.36,LGU+,서울 영등포,부산 해운대,,
유태경008,010-8008-1008,장도윤063,010-8063-1063,2024-02-01,16:26:41,2024-02-01,16:41:06,14.43,LGU+,서울 영등포,서울 서초,,
남지연064,010-8064-1064,도하린058,010-8058-1058,2024-09-12,01:07:31,2024-09-12,01:07:58,0.45,SKT,서울 강남,대구 수성,,
유태경072,010-8072-1072,류하준066,010-8066-1066,2024-07-14,14:47:59,2024-07-14,14:48:29,0.51,SKT,인천 부평,인천 부평,,
장도윤031,010-8031-1031,전성호052,010-8052-1052,2024-03-05,03:32:37,2024-03-05,03:38:02,5.42,KT,서울 강남,대구 수성,,
신소희,010-1265-1015,남지연000,010-8000-1000,2024-01-23,00:15:02,2024-01-23,00:24:03,9.02,KT,서울 영등포,서울 영등포,,
안채원046,010-8046-1046,안채원078,010-8078-1078,2024-07-23,12:49:29,2024-07-23,12:57:23,7.91,SKT,대구 수성,부산 해운대,,
황미경019,010-8019-1019,고은비005,010-8005-1005,2024-05-25,00:50:35,2024-05-25,00:51:40,1.09,LGU+,서울 영등포,대전 유성,,
홍예린,010-1243-1013,유태경040,010-8040-1040,2024-03-12,07:17:41,2024-03-12,07:20:06,2.43,LGU+,인천 부평,서울 강남,,
임수빈,010-1221-1111,안채원046,010-8046-1046,2024-04-30,01:42:07,2024-04-30,01:51:01,8.91,SKT,대구 수성,인천 부평,,
최지훈,010-1133-1203,마준호059,010-8059-1059,2024-09-05,07:22:08,2024-09-05,07:35:21,13.23,LGU+,대전 유성,부산 해운대,,
마준호027,010-8027-1027,노시우057,010-8057-1057,2024-02-24,00:41:43,2024-02-24,00:53:47,12.07,LGU+,대전 유성,부산 해운대,,
변서연044,010-8044-1044,마준호027,010-8027-1027,2024-04-29,02:24:41,2024-04-29,02:25:42,1.02,KT,서울 서초,인천 부평,,
양준석006,010-8006-1006,류하준050,010-8050-1050,2024-02-12,17:48:28,2024-02-12,18:03:48,15.34,KT,대구 수성,인천 부평,,
장도윤015,010-8015-1015,고은비069,010-8069-1069,2024-03-20,02:55:08,2024-03-20,03:02:34,7.44,LGU+,인천 부평,대전 유성,,
문재혁,010-1254-1014,황미경019,010-8019-1019,2024-01-18,19:39:39,2024-01-18,19:44:49,5.18,KT,수원 영통,대구 수성,,
설진우077,010-8077-1077,남지연000,010-8000-1000,2024-09-09,13:01:28,2024-09-09,13:15:13,13.75,LGU+,대구 수성,서울 영등포,,
고은비053,010-8053-1053,설진우013,010-8013-1013,2024-07-19,01:35:55,2024-07-19,01:40:00,4.09,KT,서울 서초,수원 영통,,
도하린042,010-8042-1042,양준석006,010-8006-1006,2024-06-07,04:51:22,2024-06-07,05:00:10,8.8,SKT,수원 영통,서울 강남,,
마준호059,010-8059-1059,변서연076,010-8076-1076,2024-04-26,14:07:26,2024-04-26,14:10:14,2.8,SKT,서울 서초,수원 영통,,
차미래071,010-8071-1071,전성호068,010-8068-1068,2024-03-27,02:57:30,2024-03-27,03:04:30,7.01,SKT,서울 강남,서울 서초,,
전성호036,010-8036-1036,전성호004,010-8004-1004,2024-03-04,00:39:23,2024-03-04,00:40:45,1.38,KT,수원 영통,수원 영통,,
차미래055,010-8055-1055,고은비037,010-8037-1037,2024-08-25,14:05:07,2024-08-25,14:21:07,16.01,LGU+,대전 유성,서울 영등포,,
남지연048,010-8048-1048,마준호043,010-8043-1043,2024-03-30,17:04:22,2024-03-30,17:18:52,14.5,KT,수원 영통,부산 해운대,,
도하린042,010-8042-1042,권태영,010-1276-1216,2024-07-17,07:25:35,2024-07-17,07:42:18,16.72,SKT,대전 유성,인천 부평,,
고은비069,010-8069-1069,설진우013,010-8013-1013,2024-01-15,19:57:45,2024-01-15,19:58:09,0.4,LGU+,서울 영등포,서울 영등포,,
설진우061,010-8061-1061,전성호004,010-8004-1004,2024-08-03,05:10:25,2024-08-03,05:11:30,1.09,SKT,수원 영통,서울 서초,,
남지연064,010-8064-1064,고은비021,010-8021-1021,2024-03-12,03:44:29,2024-03-12,03:46:29,2.0,LGU+,대구 수성,서울 서초,,
변서연044,010-8044-1044,양준석070,010-8070-1070,2024-03-06,02:19:11,2024-03-06,02:19:48,0.62,LGU+,부산 해운대,서울 서초,,
한지우,010-1177-1007,마준호043,010-8043-1043,2024-03-02,13:44:08,2024-03-02,13:53:15,9.12,SKT,대구 수성,서울 서초,,
정하늘,010-1144-1104,조현우,010-1210-1110,2024-06-21,18:02:52,2024-06-21,18:18:32,15.68,SKT,서울 강남,인천 부평,,
장도윤031,010-8031-1031,안채원014,010-8014-1014,2024-03-16,14:06:48,2024-03-16,14:08:28,1.67,KT,수원 영통,대구 수성,,
고은비005,010-8005-1005,노시우073,010-8073-1073,2024-09-28,10:52:34,2024-09-28,10:53:48,1.24,LGU+,서울 서초,서울 강남,,
송우진065,010-8065-1065,장도윤047,010-8047-1047,2024-05-30,13:12:38,2024-05-30,13:14:51,2.22,LGU+,서울 서초,서울 강남,,
황미경051,010-8051-1051,강민재,010-1188-1208,2024-07-07,10:41:33,2024-07-07,10:42:36,1.06,SKT,서울 강남,서울 강남,,
권태영,010-1276-1016,박민수,010-1122-1002,2024-03-08,19:24:09,2024-03-08,19:27:54,3.76,LGU+,서울 영등포,수원 영통,,
안채원062,010-8062-1062,황미경035,010-8035-1035,2024-04-30,00:31:42,2024-04-30,00:32:18,0.61,LGU+,인천 부평,서울 서초,,
황미경003,010-8003-1003,안채원030,010-8030-1030,2024-09-26,08:09:54,2024-09-26,08:13:58,4.08,SKT,대구 수성,서울 영등포,,
설진우013,010-8013-1013,장도윤047,010-8047-1047,2024-09-18,07:07:38,2024-09-18,07:08:21,0.72,LGU+,대구 수성,부산 해운대,,
설진우045,010-8045-1045,도하린026,010-8026-1026,2024-08-03,13:29:46,2024-08-03,13:38:27,8.69,KT,수원 영통,대전 유성,,
안채원078,010-8078-1078,마준호011,010-8011-1011,2024-06-16,05:32:21,2024-06-16,05:38:02,5.69,LGU+,서울 서초,대전 유성,,
노시우041,010-8041-1041,류하준002,010-8002-1002,2024-09-03,15:24:06,2024-09-03,15:36:09,12.06,KT,대전 유성,서울 영등포,,
마준호059,010-8059-1059,장도윤015,010-8015-1015,2024-01-20,00:47:41,2024-01-20,00:53:09,5.47,SKT,서울 서초,인천 부평,,
양준석070,010-8070-1070,전성호068,010-8068-1068,2024-02-19,23:43:27,2024-02-19,23:43:55,0.47,LGU+,서울 강남,서울 강남,,
변서연028,010-8028-1028,고은비005,010-8005-1005,2024-03-12,19:27:25,2024-03-12,19:27:51,0.44,LGU+,서울 서초,수원 영통,,
장도윤063,010-8063-1063,송우진033,010-8033-1033,2024-08-23,12:35:00,2024-08-23,12:42:21,7.36,KT,서울 강남,서울 영등포,,
정하늘,010-1144-1204,이영희,010-1111-1301,2024-08-23,22:09:27,2024-08-23,22:09:52,0.43,LGU+,인천 부평,수원 영통,,
류하준034,010-8034-1034,유태경072,010-8072-1072,2024-09-18,17:09:07,2024-09-18,17:09:46,0.66,LGU+,수원 영통,수원 영통,,
이영희,010-1111-1301,정하늘,010-1144-1204,2024-08-25,18:39:42,2024-08-25,18:40:23,0.69,SKT,수원 영통,대전 유성,,
한지우,010-1177-1007,양준석070,010-8070-1070,2024-03-27,00:33:00,2024-03-27,00:34:04,1.08,KT,인천 부평,서울 강남,,
류하준066,010-8066-1066,노시우073,010-8073-1073,2024-02-16,03:16:07,2024-02-16,03:24:01,7.91,SKT,서울 강남,서울 서초,,
장도윤031,010-8031-1031,장도윤063,010-8063-1063,2024-02-08,15:29:19,2024-02-08,15:40:19,11.0,KT,서울 영등포,서울 서초,,
차미래039,010-8039-1039,황미경067,010-8067-1067,2024-01-29,20:23:49,2024-01-29,20:25:33,1.74,LGU+,서울 영등포,인천 부평,,
송우진017,010-8017-1017,황미경035,010-8035-1035,2024-06-12,07:55:37,2024-06-12,07:55:59,0.37,LGU+,서울 영등포,서울 강남,,
고은비021,010-8021-1021,변서연012,010-8012-1012,2024-03-28,02:22:58,2024-03-28,02:39:26,16.48,SKT,수원 영통,서울 강남,,
장도윤031,010-8031-1031,고은비069,010-8069-1069,2024-07-21,01:39:17,2024-07-21,01:39:57,0.67,LGU+,인천 부평,서울 강남,,
안채원046,010-8046-1046,고은비053,010-8053-1053,2024-03-13,19:25:22,2024-03-13,19:32:07,6.75,SKT,서울 영등포,수원 영통,,
오세진,010-1155-1205,변서연028,010-8028-1028,2024-10-03,17:58:26,2024-10-03,17:59:17,0.86,SKT,서울 강남,서울 영등포,,
전성호036,010-8036-1036,차미래071,010-8071-1071,2024-04-26,08:01:00,2024-04-26,08:13:54,12.9,SKT,수원 영통,대구 수성,,
전성호068,010-8068-1068,류하준066,010-8066-1066,2024-05-16,07:49:04,2024-05-16,07:50:04,1.01,KT,수원 영통,대구 수성,,
설진우013,010-8013-1013,전성호036,010-8036-1036,2024-02-14,01:49:22,2024-02-14,01:53:22,4.01,KT,서울 서초,수원 영통,,
서유진,010-1199-1209,류하준050,010-8050-1050,2024-09-12,09:47:19,2024-09-12,09:55:14,7.92,SKT,인천 부평,대전 유성,,
변서연028,010-8028-1028,마준호043,010-8043-1043,2024-01-18,07:54:25,2024-01-18,07:55:22,0.96,LGU+,인천 부평,부산 해운대,,
장도윤015,010-8015-1015,유태경056,010-8056-1056,2024-09-09,08:05:55,2024-09-09,08:09:14,3.33,KT,서울 서초,대전 유성,,
정하늘,010-1144-1204,노시우057,010-8057-1057,2024-09-01,17:04:16,2024-09-01,17:16:41,12.42,SKT,인천 부평,수원 영통,,
송우진033,010-8033-1033,설진우045,010-8045-1045,2024-09-16,07:58:59,2024-09-16,08:14:51,15.88,SKT,서울 강남,서울 영등포,,
서유진,010-1199-1009,유태경040,010-8040-1040,2024-03-01,07:19:07,2024-03-01,07:23:13,4.11,LGU+,서울 영등포,대구 수성,,
고은비037,010-8037-1037,신소희,010-1265-1115,2024-04-27,00:00:36,2024-04-27,00:11:40,11.08,LGU+,인천 부평,대전 유성,,
노시우041,010-8041-1041,고은비021,010-8021-1021,2024-04-28,17:14:20,2024-04-28,17:14:32,0.21,SKT,서울 영등포,인천 부평,,
변서연012,010-8012-1012,안채원062,010-8062-1062,2024-02-21,06:58:34,2024-02-21,07:06:04,7.5,SKT,대전 유성,수원 영통,,
남지연032,010-8032-1032,유태경024,010-8024-1024,2024-09-23,00:31:20,2024-09-23,00:47:43,16.4,SKT,부산 해운대,인천 부평,,
장도윤079,010-8079-1079,변서연028,010-8028-1028,2024-09-06,02:38:03,2024-09-06,02:39:05,1.04,LGU+,서울 강남,서울 영등포,,
조현우,010-1210-1110,설진우077,010-8077-1077,2024-04-14,12:58:15,2024-04-14,13:08:38,10.39,KT,대구 수성,수원 영통,,
황미경051,010-8051-1051,장도윤063,010-8063-1063,2024-05-26,14:10:59,2024-05-26,14:26:50,15.85,KT,인천 부평,서울 강남,,
송우진001,010-8001-1001,송우진017,010-8017-1017,2024-02-07,23:34:19,2024-02-07,23:35:35,1.28,KT,수원 영통,수원 영통,,
남지연032,010-8032-1032,노시우073,010-8073-1073,2024-01-09,12:42:44,2024-01-09,12:48:26,5.7,KT,서울 서초,서울 서초,,
전성호004,010-8004-1004,류하준034,010-8034-1034,2024-07-15,09:52:05,2024-07-15,09:52:21,0.28,LGU+,대구 수성,수원 영통,,
한지우,010-1177-1207,남지연000,010-8000-1000,2024-09-29,17:26:00,2024-09-29,17:27:16,1.28,LGU+,인천 부평,인천 부평,,
양준석070,010-8070-1070,노시우025,010-8025-1025,2024-03-13,12:34:46,2024-03-13,12:35:42,0.94,LGU+,대구 수성,서울 영등포,,
이영희,010-1111-1201,최지훈,010-1133-1103,2024-05-26,07:17:21,2024-05-26,07:17:58,0.62,LGU+,서울 서초,서울 영등포,,
유태경040,010-8040-1040,노시우009,010-8009-1009,2024-03-13,00:06:55,2024-03-13,00:07:38,0.72,SKT,부산 해운대,서울 영등포,,
박민수,010-1122-1202,한지우,010-1177-1207,2024-08-20,10:10:23,2024-08-20,10:16:41,6.3,KT,서울 서초,서울 강남,,
도하린042,010-8042-1042,황미경003,010-8003-1003,2024-01-04,01:02:09,2024-01-04,01:03:23,1.24,KT,부산 해운대,부산 해운대,,
안채원014,010-8014-1014,류하준066,010-8066-1066,2024-04-05,15:08:29,2024-04-05,15:19:27,10.98,KT,대구 수성,서울 강남,,
황미경067,010-8067-1067,고은비021,010-8021-1021,2024-02-21,21:10:40,2024-02-21,21:22:26,11.78,LGU+,부산 해운대,서울 영등포,,
서유진,010-1199-1009,장도윤015,010-8015-1015,2024-01-07,01:53:49,2024-01-07,02:11:31,17.7,SKT,부산 해운대,대구 수성,,
도하린010,010-8010-1010,변서연044,010-8044-1044,2024-04-02,23:09:49,2024-04-02,23:27:02,17.23,LGU+,서울 서초,서울 영등포,,
변서연076,010-8076-1076,차미래055,010-8055-1055,2024-04-04,12:04:26,2024-04-04,12:14:44,10.31,KT,대전 유성,서울 영등포,,
문재혁,010-1254-1114,안채원062,010-8062-1062,2024-03-26,02:36:01,2024-03-26,02:50:32,14.53,SKT,인천 부평,서울 강남,,
황미경067,010-8067-1067,고은비021,010-8021-1021,2024-07-25,01:19:58,2024-07-25,01:21:18,1.34,SKT,대전 유성,인천 부평,,
도하린026,010-8026-1026,차미래071,010-8071-1071,2024-10-06,15:20:41,2024-10-06,15:25:41,5.01,KT,수원 영통,서울 서초,,
변서연028,010-8028-1028,마준호011,010-8011-1011,2024-08-14,02:27:46,2024-08-14,02:39:32,11.78,SKT,대전 유성,수원 영통,,
안채원062,010-8062-1062,차미래039,010-8039-1039,2024-07-21,03:03:53,2024-07-21,03:04:47,0.91,LGU+,서울 영등포,대구 수성,,
송우진049,010-8049-1049,남지연032,010-8032-1032,2024-01-15,06:37:19,2024-01-15,06:40:50,3.52,SKT,인천 부평,대전 유성,,
변서연028,010-8028-1028,남지연000,010-8000-1000,2024-08-22,08:00:10,2024-08-22,08:07:14,7.08,LGU+,부산 해운대,대전 유성,,
변서연044,010-8044-1044,강민재,010-1188-1008,2024-04-09,09:59:32,2024-04-09,10:03:21,3.82,SKT,서울 영등포,인천 부평,,
권태영,010-1276-1016,최지훈,010-1133-1003,2024-03-11,16:23:25,2024-03-11,16:29:45,6.34,KT,부산 해운대,서울 서초,,
임수빈,010-1221-1211,마준호059,010-8059-1059,2024-10-05,13:34:24,2024-10-05,13:49:24,15.0,SKT,수원 영통,대전 유성,,
유태경056,010-8056-1056,황미경003,010-8003-1003,2024-09-01,20:27:13,2024-09-01,20:33:55,6.7,SKT,서울 영등포,부산 해운대,,
설진우013,010-8013-1013,변서연028,010-8028-1028,2024-08-20,04:53:44,2024-08-20,05:09:57,16.22,SKT,서울 강남,서울 서초,,
도하린010,010-8010-1010,유태경024,010-8024-1024,2024-09-04,16:03:06,2024-09-04,16:12:48,9.7,SKT,대전 유성,대구 수성,,
유태경024,010-8024-1024,도하린042,010-8042-1042,2024-08-12,00:55:28,2024-08-12,00:57:38,2.18,SKT,인천 부평,서울 영등포,,
류하준066,010-8066-1066,차미래071,010-8071-1071,2024-09-28,18:57:58,2024-09-28,19:08:55,10.96,KT,수원 영통,서울 영등포,,
고은비053,010-8053-1053,마준호027,010-8027-1027,2024-04-12,00:05:58,2024-04-12,00:07:57,1.99,LGU+,서울 강남,서울 강남,,
차미래055,010-8055-1055,류하준018,010-8018-1018,2024-04-08,05:01:19,2024-04-08,05:02:25,1.1,SKT,인천 부평,서울 영등포,,
노시우025,010-8025-1025,황미경035,010-8035-1035,2024-02-22,18:50:49,2024-02-22,19:01:48,10.99,SKT,부산 해운대,수원 영통,,
차미래023,010-8023-1023,고은비005,010-8005-1005,2024-05-26,17:14:28,2024-05-26,17:20:41,6.23,KT,서울 서초,수원 영통,,
이영희,010-1111-1101,박민수,010-1122-1102,2024-04-17,22:21:13,2024-04-17,22:22:18,1.09,KT,수원 영통,인천 부평,,
고은비021,010-8021-1021,안채원014,010-8014-1014,2024-04-09,13:58:07,2024-04-09,14:12:45,14.64,SKT,서울 서초,수원 영통,,
남지연064,010-8064-1064,설진우013,010-8013-1013,2024-07-19,11:23:01,2024-07-19,11:40:11,17.18,KT,인천 부평,대구 수성,,
차미래055,010-8055-1055,노시우057,010-8057-1057,2024-05-12,14:01:26,2024-05-12,14:14:20,12.91,KT,서울 강남,대구 수성,,
변서연028,010-8028-1028,노시우073,010-8073-1073,2024-01-10,10:37:53,2024-01-10,10:38:54,1.02,LGU+,서울 강남,서울 영등포,,
마준호043,010-8043-1043,류하준066,010-8066-1066,2024-07-06,13:41:01,2024-07-06,13:42:28,1.45,SKT,서울 서초,부산 해운대,,
마준호011,010-8011-1011,노시우009,010-8009-1009,2024-01-02,13:59:37,2024-01-02,14:12:16,12.65,LGU+,대구 수성,서울 서초,,
전성호052,010-8052-1052,도하린042,010-8042-1042,2024-08-31,04:47:24,2024-08-31,04:48:52,1.48,LGU+,대구 수성,부산 해운대,,
류하준034,010-8034-1034,황미경051,010-8051-1051,2024-03-16,22:03:06,2024-03-16,22:05:06,2.0,SKT,인천 부평,서울 강남,,
서유진,010-1199-1209,황미경003,010-8003-1003,2024-07-26,14:35:47,2024-07-26,14:46:08,10.35,SKT,수원 영통,서울 서초,,
변서연044,010-8044-1044,유태경008,010-8008-1008,2024-05-09,12:11:52,2024-05-09,12:12:43,0.85,LGU+,대구 수성,대전 유성,,
최지훈,010-1133-1203,신소희,010-1265-1215,2024-08-06,05:44:28,2024-08-06,05:51:26,6.98,SKT,대전 유성,대구 수성,,
안채원078,010-8078-1078,설진우013,010-8013-1013,2024-05-08,05:46:42,2024-05-08,05:47:17,0.59,LGU+,수원 영통,인천 부평,,
양준석006,010-8006-1006,장도윤063,010-8063-1063,2024-04-10,20:10:04,2024-04-10,20:19:30,9.44,KT,서울 강남,부산 해운대,,
노시우073,010-8073-1073,장도윤047,010-8047-1047,2024-07-17,09:43:53,2024-07-17,09:48:57,5.08,SKT,서울 강남,부산 해운대,,
차미래007,010-8007-1007,안채원014,010-8014-1014,2024-07-17,16:12:04,2024-07-17,16:14:26,2.38,SKT,대전 유성,서울 강남,,
장도윤047,010-8047-1047,황미경051,010-8051-1051,2024-01-03,02:30:42,2024-01-03,02:37:54,7.2,LGU+,서울 강남,수원 영통,,
황미경051,010-8051-1051,도하린026,010-8026-1026,2024-09-15,09:56:09,2024-09-15,10:11:37,15.48,SKT,수원 영통,서울 서초,,
설진우061,010-8061-1061,노시우057,010-8057-1057,2024-02-18,19:53:59,2024-02-18,20:08:18,14.32,KT,서울 서초,수원 영통,,
차미래023,010-8023-1023,고은비037,010-8037-1037,2024-09-26,14:36:03,2024-09-26,14:36:44,0.69,SKT,인천 부평,인천 부평,,
장도윤031,010-8031-1031,안채원062,010-8062-1062,2024-05-20,13:03:16,2024-05-20,13:04:19,1.05,KT,서울 영등포,서울 강남,,
설진우045,010-8045-1045,남지연000,010-8000-1000,2024-01-24,13:06:42,2024-01-24,13:07:39,0.96,SKT,부산 해운대,부산 해운대,,
오세진,010-1155-1105,이영희,010-1111-1201,2024-05-25,15:30:28,2024-05-25,15:31:06,0.64,SKT,인천 부평,수원 영통,,
유태경024,010-8024-1024,남지연032,010-8032-1032,2024-02-07,17:50:22,2024-02-07,17:51:13,0.86,KT,대전 유성,서울 서초,,
김철수,010-1100-1000,이영희,010-1111-1101,2024-04-22,21:20:53,2024-04-22,21:34:56,14.06,SKT,부산 해운대,서울 강남,,
임수빈,010-1221-1111,남지연000,010-8000-1000,2024-04-21,18:04:02,2024-04-21,18:12:13,8.2,LGU+,서울 서초,서울 강남,,
유태경008,010-8008-1008,황미경067,010-8067-1067,2024-03-29,22:34:51,2024-03-29,22:36:06,1.26,LGU+,서울 영등포,부산 해운대,,
박민수,010-1122-1002,강민재,010-1188-1008,2024-01-26,21:05:17,2024-01-26,21:13:48,8.53,KT,수원 영통,수원 영통,,
양준석070,010-8070-1070,마준호043,010-8043-1043,2024-04-14,23:06:14,2024-04-14,23:07:17,1.05,SKT,서울 강남,인천 부평,,
안채원078,010-8078-1078,도하린026,010-8026-1026,2024-03-20,10:10:12,2024-03-20,10:24:13,14.03,SKT,서울 영등포,서울 영등포,,
황미경019,010-8019-1019,황미경067,010-8067-1067,2024-06-01,01:00:17,2024-06-01,01:00:36,0.32,LGU+,인천 부평,수원 영통,,
남지연064,010-8064-1064,고은비069,010-8069-1069,2024-05-26,13:56:58,2024-05-26,13:57:56,0.98,SKT,대전 유성,대구 수성,,
류하준050,010-8050-1050,유태경056,010-8056-1056,2024-05-26,16:57:04,2024-05-26,17:12:23,15.32,KT,서울 영등포,인천 부평,,
최지훈,010-1133-1203,이영희,010-1111-1301,2024-09-15,13:53:58,2024-09-15,13:54:52,0.91,SKT,수원 영통,수원 영통,,
도하린058,010-8058-1058,양준석022,010-8022-1022,2024-05-07,05:40:38,2024-05-07,05:54:27,13.83,SKT,대구 수성,서울 영등포,,
남지연064,010-8064-1064,설진우061,010-8061-1061,2024-01-10,20:07:33,2024-01-10,20:16:34,9.03,KT,서울 강남,서울 강남,,
남지연048,010-8048-1048,변서연028,010-8028-1028,2024-01-26,22:23:37,2024-01-26,22:32:32,8.92,SKT,서울 영등포,대전 유성,,
차미래023,010-8023-1023,마준호075,010-8075-1075,2024-02-14,11:05:51,2024-02-14,11:06:44,0.89,SKT,수원 영통,서울 영등포,,
한지우,010-1177-1007,윤다은,010-1166-1006,2024-02-03,04:17:39,2024-02-03,04:18:40,1.02,LGU+,대전 유성,대구 수성,,
홍예린,010-1243-1213,양준석038,010-8038-1038,2024-09-04,02:23:16,2024-09-04,02:40:19,17.05,LGU+,수원 영통,부산 해운대,,
황미경035,010-8035-1035,고은비021,010-8021-1021,2024-09-03,09:59:33,2024-09-03,10:04:07,4.57,KT,부산 해운대,서울 강남,,
남지연000,010-8000-1000,도하린010,010-8010-1010,2024-04-05,05:52:07,2024-04-05,05:59:45,7.64,SKT,대구 수성,대구 수성,,
조현우,010-1210-1010,안채원030,010-8030-1030,2024-03-10,19:19:43,2024-03-10,19:20:25,0.71,SKT,서울 서초,부산 해운대,,
고은비069,010-8069-1069,고은비021,010-8021-1021,2024-01-04,15:52:13,2024-01-04,16:06:44,14.53,KT,서울 서초,서울 서초,,
변서연044,010-8044-1044,차미래039,010-8039-1039,2024-02-12,16:11:25,2024-02-12,16:26:21,14.94,LGU+,부산 해운대,서울 영등포,,
도하린010,010-8010-1010,장도윤031,010-8031-1031,2024-04-28,00:01:17,2024-04-28,00:11:29,10.2,KT,부산 해운대,대구 수성,,
차미래007,010-8007-1007,전성호020,010-8020-1020,2024-01-15,20:51:42,2024-01-15,21:03:22,11.67,SKT,서울 서초,부산 해운대,,
강민재,010-1188-1008,도하린042,010-8042-1042,2024-03-03,01:29:03,2024-03-03,01:32:54,3.86,LGU+,대구 수성,대구 수성,,
박민수,010-1122-1002,양준석070,010-8070-1070,2024-02-10,04:15:37,2024-02-10,04:23:24,7.79,SKT,서울 영등포,서울 서초,,
최지훈,010-1133-1003,임수빈,010-1221-1011,2024-01-01,19:22:15,2024-01-01,19:32:57,10.7,SKT,서울 서초,대전 유성,,
노시우025,010-8025-1025,설진우077,010-8077-1077,2024-03-24,18:08:20,2024-03-24,18:25:35,17.25,SKT,서울 강남,대전 유성,,
마준호059,010-8059-1059,장도윤063,010-8063-1063,2024-07-20,09:15:01,2024-07-20,09:15:57,0.94,KT,인천 부평,수원 영통,,
강민재,010-1188-1008,정하늘,010-1144-1004,2024-03-07,19:56:05,2024-03-07,19:58:12,2.12,KT,수원 영통,대구 수성,,
신소희,010-1265-1215,고은비053,010-8053-1053,2024-08-04,22:25:05,2024-08-04,22:36:58,11.89,LGU+,서울 영등포,인천 부평,,
이영희,010-1111-1301,최지훈,010-1133-1203,2024-08-11,00:33:59,2024-08-11,00:35:14,1.25,LGU+,부산 해운대,대전 유성,,
권태영,010-1276-1116,최지훈,010-1133-1103,2024-04-19,19:18:44,2024-04-19,19:35:18,16.58,KT,부산 해운대,서울 서초,,
황미경035,010-8035-1035,변서연060,010-8060-1060,2024-07-30,23:05:39,2024-07-30,23:20:07,14.48,LGU+,서울 영등포,수원 영통,,
황미경051,010-8051-1051,송우진033,010-8033-1033,2024-01-02,18:11:11,2024-01-02,18:20:47,9.6,KT,수원 영통,인천 부평,,
차미래007,010-8007-1007,송우진049,010-8049-1049,2024-04-24,08:04:02,2024-04-24,08:20:27,16.43,SKT,대구 수성,서울 영등포,,
마준호075,010-8075-1075,안채원014,010-8014-1014,2024-06-17,01:47:44,2024-06-17,01:48:03,0.33,SKT,대구 수성,서울 영등포,,
양준석006,010-8006-1006,장도윤063,010-8063-1063,2024-05-20,13:07:07,2024-05-20,13:15:49,8.7,LGU+,대전 유성,대구 수성,,
설진우029,010-8029-1029,황미경067,010-8067-1067,2024-04-05,14:18:52,2024-04-05,14:19:09,0.29,KT,대전 유성,수원 영통,,
변서연060,010-8060-1060,남지연064,010-8064-1064,2024-08-25,15:45:21,2024-08-25,15:52:12,6.85,SKT,대구 수성,서울 서초,,
송우진065,010-8065-1065,황미경035,010-8035-1035,2024-07-23,19:39:10,2024-07-23,19:40:11,1.03,KT,인천 부평,인천 부평,,
서유진,010-1199-1009,정하늘,010-1144-1004,2024-02-07,04:20:41,2024-02-07,04:22:56,2.26,KT,대전 유성,서울 영등포,,
남지연016,010-8016-1016,설진우061,010-8061-1061,2024-07-18,06:00:49,2024-07-18,06:12:03,11.24,SKT,수원 영통,서울 서초,,
양준석054,010-8054-1054,임수빈,010-1221-1011,2024-02-26,18:02:31,2024-02-26,18:08:28,5.96,LGU+,서울 영등포,서울 서초,,
도하린042,010-8042-1042,노시우057,010-8057-1057,2024-05-21,16:33:58,2024-05-21,16:50:26,16.47,KT,대구 수성,인천 부평,,
마준호011,010-8011-1011,송우진017,010-8017-1017,2024-02-21,11:07:06,2024-02-21,11:24:40,17.57,KT,대전 유성,서울 서초,,
전성호020,010-8020-1020,도하린026,010-8026-1026,2024-02-17,00:49:09,2024-02-17,01:01:04,11.93,SKT,대전 유성,서울 강남,,
변서연076,010-8076-1076,변서연028,010-8028-1028,2024-01-16,11:06:37,2024-01-16,11:24:27,17.84,LGU+,대전 유성,대구 수성,,
강민재,010-1188-1008,도하린058,010-8058-1058,2024-01-09,03:59:54,2024-01-09,04:03:35,3.69,KT,서울 강남,대구 수성,,
이영희,010-1111-1201,박민수,010-1122-1102,2024-06-06,11:57:59,2024-06-06,11:59:12,1.23,SKT,대전 유성,부산 해운대,,
한지우,010-1177-1107,송우진033,010-8033-1033,2024-04-17,07:44:04,2024-04-17,07:51:01,6.96,SKT,서울 강남,서울 강남,,
양준석070,010-8070-1070,노시우025,010-8025-1025,2024-09-11,13:21:36,2024-09-11,13:23:49,2.22,KT,부산 해운대,서울 영등포,,
한지우,010-1177-1207,윤다은,010-1166-1206,2024-09-28,09:29:32,2024-09-28,09:30:31,0.99,SKT,서울 서초,부산 해운대,,
한지우,010-1177-1207,정하늘,010-1144-1204,2024-10-04,09:57:19,2024-10-04,10:12:47,15.47,LGU+,서울 영등포,대전 유성,,
도하린058,010-8058-1058,차미래023,010-8023-1023,2024-07-03,09:09:09,2024-07-03,09:09:30,0.35,SKT,대구 수성,대전 유성,,
이영희,010-1111-1101,최지훈,010-1133-1003,2024-04-09,22:44:24,2024-04-09,22:45:14,0.84,SKT,서울 영등포,서울 강남,,
권태영,010-1276-1116,송우진017,010-8017-1017,2024-04-15,06:51:03,2024-04-15,07:01:44,10.69,LGU+,인천 부평,서울 영등포,,
마준호011,010-8011-1011,장도윤063,010-8063-1063,2024-03-10,22:06:37,2024-03-10,22:07:42,1.09,SKT,서울 영등포,인천 부평,,
신소희,010-1265-1215,고은비021,010-8021-1021,2024-08-21,06:07:58,2024-08-21,06:08:59,1.03,LGU+,서울 강남,수원 영통,,
안채원030,010-8030-1030,안채원046,010-8046-1046,2024-08-07,01:21:57,2024-08-07,01:23:34,1.62,LGU+,부산 해운대,수원 영통,,
안채원014,010-8014-1014,송우진065,010-8065-1065,2024-04-14,10:36:23,2024-04-14,10:37:39,1.28,LGU+,대구 수성,서울 서초,,
한지우,010-1177-1207,정하늘,010-1144-1204,2024-08-19,05:57:45,2024-08-19,06:06:19,8.57,SKT,대전 유성,대전 유성,,
박민수,010-1122-1202,배성호,010-1232-1212,2024-08-17,21:59:56,2024-08-17,22:10:32,10.6,LGU+,대전 유성,대전 유성,,
서유진,010-1199-1109,최지훈,010-1133-1103,2024-05-19,14:57:32,2024-05-19,15:01:02,3.5,KT,서울 서초,부산 해운대,,
설진우013,010-8013-1013,류하준050,010-8050-1050,2024-02-25,04:57:29,2024-02-25,05:11:05,13.6,KT,서울 영등포,서울 영등포,,
전성호020,010-8020-1020,장도윤015,010-8015-1015,2024-06-26,17:42:54,2024-06-26,17:56:29,13.59,SKT,서울 영등포,서울 영등포,,
장도윤015,010-8015-1015,고은비005,010-8005-1005,2024-04-12,20:03:25,2024-04-12,20:10:52,7.46,KT,서울 서초,부산 해운대,,
신소희,010-1265-1015,류하준034,010-8034-1034,2024-03-11,03:39:47,2024-03-11,03:50:45,10.98,SKT,서울 강남,부산 해운대,,
마준호043,010-8043-1043,황미경067,010-8067-1067,2024-03-02,00:30:59,2024-03-02,00:31:24,0.42,LGU+,수원 영통,서울 강남,,
장도윤079,010-8079-1079,송우진001,010-8001-1001,2024-07-04,22:18:30,2024-07-04,22:30:55,12.42,KT,서울 강남,서울 서초,,
마준호075,010-8075-1075,류하준066,010-8066-1066,2024-05-05,07:52:01,2024-05-05,08:00:23,8.38,KT,대전 유성,인천 부평,,
권태영,010-1276-1016,박민수,010-1122-1002,2024-03-20,02:18:54,2024-03-20,02:33:18,14.4,LGU+,서울 강남,대전 유성,,
김철수,010-1100-1100,이영희,010-1111-1301,2024-08-24,07:55:59,2024-08-24,07:58:15,2.28,LGU+,서울 서초,서울 강남,,
이영희,010-1111-1201,최지훈,010-1133-1103,2024-06-18,19:20:42,2024-06-18,19:22:00,1.3,LGU+,인천 부평,인천 부평,,
서유진,010-1199-1109,정하늘,010-1144-1004,2024-04-03,04:27:32,2024-04-03,04:44:00,16.48,SKT,서울 서초,서울 영등포,,
서유진,010-1199-1209,황미경067,010-8067-1067,2024-07-13,04:52:43,2024-07-13,04:57:50,5.12,LGU+,서울 서초,부산 해운대,,
양준석006,010-8006-1006,황미경067,010-8067-1067,2024-09-14,01:03:06,2024-09-14,01:16:23,13.29,LGU+,수원 영통,부산 해운대,,
전성호068,010-8068-1068,류하준018,010-8018-1018,2024-04-15,17:53:32,2024-04-15,17:54:42,1.18,SKT,서울 강남,부산 해운대,,
유태경040,010-8040-1040,유태경072,010-8072-1072,2024-01-31,00:10:55,2024-01-31,00:19:01,8.1,LGU+,서울 강남,서울 서초,,
도하린010,010-8010-1010,고은비069,010-8069-1069,2024-08-09,20:46:49,2024-08-09,20:47:13,0.4,SKT,수원 영통,수원 영통,,
이영희,010-1111-1001,박민수,010-1122-1002,2024-02-25,12:55:02,2024-02-25,12:56:21,1.32,SKT,부산 해운대,수원 영통,,
류하준066,010-8066-1066,황미경051,010-8051-1051,2024-07-02,15:22:06,2024-07-02,15:39:57,17.85,SKT,인천 부평,수원 영통,,
안채원014,010-8014-1014,노시우057,010-8057-1057,2024-07-24,20:03:54,2024-07-24,20:18:58,15.07,KT,수원 영통,인천 부평,,
변서연044,010-8044-1044,설진우045,010-8045-1045,2024-05-07,08:28:50,2024-05-07,08:30:38,1.81,KT,인천 부평,서울 영등포,,
양준석038,010-8038-1038,안채원078,010-8078-1078,2024-01-03,05:16:37,2024-01-03,05:26:19,9.7,KT,부산 해운대,인천 부평,,
변서연012,010-8012-1012,도하린010,010-8010-1010,2024-08-15,14:09:47,2024-08-15,14:25:53,16.1,LGU+,대구 수성,서울 강남,,
양준석006,010-8006-1006,임수빈,010-1221-1211,2024-08-04,09:10:25,2024-08-04,09:10:40,0.26,SKT,대구 수성,서울 영등포,,
홍예린,010-1243-1113,황미경003,010-8003-1003,2024-04-29,17:22:40,2024-04-29,17:37:56,15.27,SKT,대전 유성,서울 강남,,
안채원046,010-8046-1046,고은비021,010-8021-1021,2024-02-26,21:24:07,2024-02-26,21:38:25,14.3,KT,서울 영등포,부산 해운대,,
설진우013,010-8013-1013,홍예린,010-1243-1013,2024-03-08,15:23:49,2024-03-08,15:24:29,0.68,KT,수원 영통,서울 영등포,,
남지연048,010-8048-1048,고은비005,010-8005-1005,2024-02-20,18:06:07,2024-02-20,18:23:32,17.43,SKT,대전 유성,대구 수성,,
배성호,010-1232-1012,유태경072,010-8072-1072,2024-03-13,18:12:53,2024-03-13,18:30:41,17.8,KT,인천 부평,서울 영등포,,
김철수,010-1100-1100,남지연000,010-8000-1000,2024-07-20,07:17:11,2024-07-20,07:31:58,14.79,SKT,서울 영등포,서울 영등포,,
도하린058,010-8058-1058,송우진017,010-8017-1017,2024-06-02,00:13:25,2024-06-02,00:28:22,14.95,KT,서울 서초,서울 서초,,
유태경056,010-8056-1056,송우진065,010-8065-1065,2024-08-06,05:10:17,2024-08-06,05:11:32,1.26,LGU+,인천 부평,대전 유성,,
문재혁,010-1254-1214,유태경040,010-8040-1040,2024-09-02,11:35:59,2024-09-02,11:52:52,16.89,LGU+,인천 부평,인천 부평,,
이영희,010-1111-1101,김철수,010-1100-1000,2024-03-18,22:54:53,2024-03-18,23:08:03,13.17,LGU+,대구 수성,부산 해운대,,
임수빈,010-1221-1211,도하린026,010-8026-1026,2024-09-22,19:32:12,2024-09-22,19:45:54,13.71,KT,서울 강남,부산 해운대,,
권태영,010-1276-1216,장도윤047,010-8047-1047,2024-07-31,22:35:58,2024-07-31,22:44:58,9.0,LGU+,부산 해운대,부산 해운대,,
노시우057,010-8057-1057,마준호075,010-8075-1075,2024-06-07,02:26:52,2024-06-07,02:31:17,4.42,KT,대구 수성,서울 강남,,
안채원078,010-8078-1078,노시우057,010-8057-1057,2024-07-27,18:39:38,2024-07-27,18:41:06,1.47,KT,서울 서초,서울 영등포,,
전성호068,010-8068-1068,고은비005,010-8005-1005,2024-01-26,08:11:38,2024-01-26,08:12:30,0.88,SKT,서울 영등포,대구 수성,,
황미경067,010-8067-1067,장도윤047,010-8047-1047,2024-02-24,13:30:02,2024-02-24,13:35:46,5.74,LGU+,대구 수성,서울 서초,,
김철수,010-1100-1100,이영희,010-1111-1301,2024-08-10,05:29:00,2024-08-10,05:46:12,17.21,LGU+,인천 부평,서울 영등포,,
황미경067,010-8067-1067,도하린042,010-8042-1042,2024-01-19,01:19:44,2024-01-19,01:20:42,0.98,SKT,부산 해운대,수원 영통,,
이영희,010-1111-1301,김철수,010-1100-1100,2024-08-20,09:27:44,2024-08-20,09:45:00,17.27,LGU+,수원 영통,서울 영등포,,
송우진065,010-8065-1065,유태경056,010-8056-1056,2024-03-04,03:09:54,2024-03-04,03:15:21,5.46,LGU+,서울 서초,서울 영등포,,
장도윤015,010-8015-1015,변서연012,010-8012-1012,2024-04-18,03:36:18,2024-04-18,03:40:20,4.04,SKT,대구 수성,대구 수성,,
마준호075,010-8075-1075,마준호059,010-8059-1059,2024-05-13,14:38:08,2024-05-13,14:45:29,7.36,LGU+,인천 부평,서울 영등포,,
장도윤079,010-8079-1079,변서연044,010-8044-1044,2024-09-08,00:24:02,2024-09-08,00:41:24,17.37,SKT,수원 영통,인천 부평,,
송우진065,010-8065-1065,황미경067,010-8067-1067,2024-01-16,12:58:52,2024-01-16,13:02:32,3.67,LGU+,부산 해운대,서울 영등포,,
양준석006,010-8006-1006,도하린026,010-8026-1026,2024-10-03,01:33:40,2024-10-03,01:35:02,1.37,SKT,수원 영통,서울 영등포,,
고은비005,010-8005-1005,남지연064,010-8064-1064,2024-04-06,06:46:20,2024-04-06,06:48:04,1.74,SKT,서울 영등포,대전 유성,,
변서연060,010-8060-1060,장도윤063,010-8063-1063,2024-03-30,10:06:44,2024-03-30,10:15:22,8.64,SKT,부산 해운대,부산 해운대,,
안채원078,010-8078-1078,장도윤063,010-8063-1063,2024-04-24,10:17:13,2024-04-24,10:34:11,16.98,KT,대구 수성,대전 유성,,
안채원078,010-8078-1078,고은비069,010-8069-1069,2024-06-16,21:24:19,2024-06-16,21:28:02,3.72,LGU+,서울 영등포,인천 부평,,
설진우013,010-8013-1013,안채원062,010-8062-1062,2024-02-07,13:47:31,2024-02-07,14:04:31,17.0,KT,대전 유성,서울 강남,,
차미래055,010-8055-1055,고은비037,010-8037-1037,2024-05-18,16:20:39,2024-05-18,16:36:46,16.12,LGU+,서울 영등포,서울 영등포,,
배성호,010-1232-1212,양준석022,010-8022-1022,2024-07-01,07:42:37,2024-07-01,07:57:28,14.85,KT,인천 부평,인천 부평,,
설진우077,010-8077-1077,마준호075,010-8075-1075,2024-05-04,22:54:16,2024-05-04,22:54:49,0.56,KT,인천 부평,부산 해운대,,
노시우025,010-8025-1025,마준호011,010-8011-1011,2024-04-19,00:27:04,2024-04-19,00:36:24,9.34,LGU+,부산 해운대,서울 영등포,,
송우진033,010-8033-1033,안채원078,010-8078-1078,2024-04-30,20:22:30,2024-04-30,20:32:31,10.02,SKT,인천 부평,부산 해운대,,
배성호,010-1232-1012,전성호036,010-8036-1036,2024-01-31,02:41:36,2024-01-31,02:46:33,4.95,LGU+,서울 강남,서울 영등포,,
홍예린,010-1243-1213,노시우057,010-8057-1057,2024-07-12,12:05:43,2024-07-12,12:23:06,17.39,LGU+,서울 영등포,대전 유성,,
송우진017,010-8017-1017,설진우045,010-8045-1045,2024-04-21,16:27:46,2024-04-21,16:37:20,9.57,KT,서울 강남,대구 수성,,
장도윤079,010-8079-1079,남지연000,010-8000-1000,2024-01-01,01:50:24,2024-01-01,01:54:25,4.02,LGU+,수원 영통,수원 영통,,
전성호068,010-8068-1068,남지연016,010-8016-1016,2024-08-30,09:08:41,2024-08-30,09:24:24,15.72,KT,서울 서초,부산 해운대,,
남지연064,010-8064-1064,설진우077,010-8077-1077,2024-01-22,19:10:02,2024-01-22,19:27:40,17.64,LGU+,서울 서초,서울 서초,,
최지훈,010-1133-1003,차미래071,010-8071-1071,2024-03-29,08:47:43,2024-03-29,08:48:38,0.93,SKT,대구 수성,부산 해운대,,
류하준018,010-8018-1018,마준호043,010-8043-1043,2024-09-17,20:58:25,2024-09-17,21:03:41,5.28,SKT,서울 영등포,서울 강남,,
유태경072,010-8072-1072,전성호004,010-8004-1004,2024-03-04,05:17:57,2024-03-04,05:18:51,0.9,LGU+,대전 유성,대전 유성,,
마준호027,010-8027-1027,고은비053,010-8053-1053,2024-05-22,10:49:23,2024-05-22,11:01:05,11.71,LGU+,대전 유성,대구 수성,,
류하준050,010-8050-1050,고은비037,010-8037-1037,2024-02-18,13:17:18,2024-02-18,13:35:12,17.91,SKT,수원 영통,부산 해운대,,
도하린074,010-8074-1074,차미래007,010-8007-1007,2024-06-19,19:25:20,2024-06-19,19:41:45,16.43,LGU+,서울 영등포,서울 강남,,
도하린074,010-8074-1074,안채원030,010-8030-1030,2024-10-01,03:08:20,2024-10-01,03:15:08,6.8,KT,수원 영통,수원 영통,,
도하린010,010-8010-1010,전성호004,010-8004-1004,2024-05-22,22:09:53,2024-05-22,22:18:18,8.43,KT,수원 영통,인천 부평,,
서유진,010-1199-1009,양준석022,010-8022-1022,2024-01-01,22:36:25,2024-01-01,22:51:52,15.46,LGU+,서울 강남,서울 영등포,,
남지연048,010-8048-1048,변서연076,010-8076-1076,2024-06-23,17:28:12,2024-06-23,17:28:24,0.2,KT,서울 영등포,인천 부평,,
안채원014,010-8014-1014,장도윤015,010-8015-1015,2024-02-24,04:53:51,2024-02-24,04:59:07,5.27,KT,서울 강남,서울 서초,,
황미경067,010-8067-1067,유태경008,010-8008-1008,2024-02-06,11:16:11,2024-02-06,11:17:18,1.12,SKT,서울 강남,대구 수성,,
최지훈,010-1133-1203,임수빈,010-1221-1211,2024-09-12,19:34:01,2024-09-12,19:45:45,11.74,LGU+,부산 해운대,서울 영등포,,
전성호052,010-8052-1052,윤다은,010-1166-1006,2024-01-28,14:52:28,2024-01-28,15:09:13,16.76,LGU+,서울 강남,대구 수성,,
마준호075,010-8075-1075,류하준050,010-8050-1050,2024-06-08,10:27:32,2024-06-08,10:28:42,1.17,KT,인천 부평,수원 영통,,
조현우,010-1210-1210,류하준050,010-8050-1050,2024-09-07,04:36:40,2024-09-07,04:42:14,5.57,KT,대구 수성,수원 영통,,
남지연016,010-8016-1016,마준호075,010-8075-1075,2024-03-05,17:25:18,2024-03-05,17:37:36,12.3,SKT,부산 해운대,서울 강남,,
전성호052,010-8052-1052,노시우073,010-8073-1073,2024-04-27,15:21:19,2024-04-27,15:23:05,1.77,LGU+,인천 부평,서울 영등포,,
마준호059,010-8059-1059,황미경051,010-8051-1051,2024-02-04,09:47:41,2024-02-04,09:48:44,1.06,SKT,인천 부평,서울 서초,,
안채원014,010-8014-1014,변서연012,010-8012-1012,2024-03-08,23:38:36,2024-03-08,23:38:49,0.23,KT,대전 유성,대구 수성,,
송우진017,010-8017-1017,한지우,010-1177-1007,2024-02-24,02:22:44,2024-02-24,02:23:14,0.5,KT,대전 유성,서울 강남,,
장도윤063,010-8063-1063,마준호075,010-8075-1075,2024-03-25,19:42:27,2024-03-25,19:43:22,0.93,LGU+,서울 영등포,수원 영통,,
홍예린,010-1243-1013,차미래039,010-8039-1039,2024-02-23,06:33:15,2024-02-23,06:41:23,8.14,SKT,서울 영등포,인천 부평,,
마준호059,010-8059-1059,노시우041,010-8041-1041,2024-04-14,07:20:18,2024-04-14,07:29:55,9.63,LGU+,부산 해운대,대전 유성,,
홍예린,010-1243-1113,남지연000,010-8000-1000,2024-04-19,06:17:48,2024-04-19,06:30:45,12.96,SKT,서울 서초,서울 영등포,,
설진우045,010-8045-1045,노시우009,010-8009-1009,2024-06-29,08:20:06,2024-06-29,08:23:43,3.62,KT,인천 부평,인천 부평,,
강민재,010-1188-1008,차미래039,010-8039-1039,2024-02-10,16:58:13,2024-02-10,17:15:46,17.56,SKT,대전 유성,대구 수성,,
류하준034,010-8034-1034,전성호052,010-8052-1052,2024-09-26,21:53:42,2024-09-26,21:54:48,1.11,SKT,서울 영등포,부산 해운대,,
송우진065,010-8065-1065,마준호043,010-8043-1043,2024-04-05,08:21:51,2024-04-05,08:37:40,15.82,LGU+,수원 영통,서울 서초,,
이영희,010-1111-1001,윤다은,010-1166-1006,2024-02-23,05:21:26,2024-02-23,05:22:32,1.1,KT,대구 수성,서울 강남,,
신소희,010-1265-1115,설진우045,010-8045-1045,2024-07-02,23:20:26,2024-07-02,23:24:41,4.25,SKT,대전 유성,수원 영통,,
류하준050,010-8050-1050,설진우061,010-8061-1061,2024-02-09,02:16:34,2024-02-09,02:21:04,4.5,LGU+,대전 유성,부산 해운대,,
변서연076,010-8076-1076,남지연032,010-8032-1032,2024-07-29,21:18:21,2024-07-29,21:21:30,3.15,KT,서울 영등포,대구 수성,,
설진우029,010-8029-1029,이영희,010-1111-1301,2024-08-06,04:49:30,2024-08-06,05:00:51,11.36,KT,대전 유성,부산 해운대,,
도하린026,010-8026-1026,양준석006,010-8006-1006,2024-03-17,07:54:08,2024-03-17,07:54:30,0.37,KT,수원 영통,대전 유성,,
설진우029,010-8029-1029,노시우073,010-8073-1073,2024-08-06,22:22:59,2024-08-06,22:23:38,0.66,KT,서울 영등포,서울 강남,,
이영희,010-1111-1301,김철수,010-1100-1100,2024-08-21,15:03:41,2024-08-21,15:09:24,5.72,SKT,대전 유성,서울 서초,,
마준호011,010-8011-1011,류하준018,010-8018-1018,2024-05-02,21:19:27,2024-05-02,21:20:24,0.95,LGU+,대구 수성,수원 영통,,
유태경072,010-8072-1072,장도윤015,010-8015-1015,2024-03-17,08:32:14,2024-03-17,08:33:43,1.49,KT,서울 강남,대전 유성,,
마준호011,010-8011-1011,남지연064,010-8064-1064,2024-05-10,20:51:43,2024-05-10,20:58:10,6.46,LGU+,서울 서초,서울 영등포,,
류하준018,010-8018-1018,남지연048,010-8048-1048,2024-06-23,18:19:26,2024-06-23,18:31:01,11.59,LGU+,서울 강남,대구 수성,,
남지연032,010-8032-1032,전성호068,010-8068-1068,2024-08-09,12:01:29,2024-08-09,12:02:51,1.38,KT,인천 부평,대구 수성,,
황미경035,010-8035-1035,전성호068,010-8068-1068,2024-05-25,03:30:08,2024-05-25,03:46:06,15.97,SKT,대전 유성,대구 수성,,
정하늘,010-1144-1004,이영희,010-1111-1001,2024-01-27,11:14:41,2024-01-27,11:14:58,0.29,LGU+,서울 강남,서울 강남,,
설진우045,010-8045-1045,변서연044,010-8044-1044,2024-02-29,03:24:18,2024-02-29,03:29:28,5.18,LGU+,서울 강남,서울 영등포,,
송우진033,010-8033-1033,안채원046,010-8046-1046,2024-03-08,03:52:35,2024-03-08,03:53:14,0.65,KT,대전 유성,수원 영통,,
이영희,010-1111-1001,오세진,010-1155-1005,2024-01-28,17:18:44,2024-01-28,17:20:09,1.43,LGU+,수원 영통,서울 서초,,
류하준050,010-8050-1050,마준호075,010-8075-1075,2024-06-07,07:13:52,2024-06-07,07:21:35,7.73,LGU+,인천 부평,대구 수성,,
노시우057,010-8057-1057,안채원046,010-8046-1046,2024-02-19,07:29:07,2024-02-19,07:32:31,3.41,SKT,대구 수성,대전 유성,,
차미래007,010-8007-1007,장도윤015,010-8015-1015,2024-09-20,03:02:13,2024-09-20,03:03:40,1.45,LGU+,대구 수성,부산 해운대,,
전성호068,010-8068-1068,전성호036,010-8036-1036,2024-09-16,23:47:09,2024-09-17,00:04:15,17.1,KT,부산 해운대,부산 해운대,,
마준호075,010-8075-1075,남지연048,010-8048-1048,2024-04-22,21:12:16,2024-04-22,21:21:15,8.99,KT,서울 영등포,수원 영통,,
신소희,010-1265-1015,남지연032,010-8032-1032,2024-01-25,09:49:36,2024-01-25,09:50:51,1.26,SKT,서울 영등포,대구 수성,,
도하린058,010-8058-1058,전성호052,010-8052-1052,2024-08-07,12:43:59,2024-08-07,13:01:53,17.91,KT,수원 영통,서울 강남,,
고은비005,010-8005-1005,전성호052,010-8052-1052,2024-06-12,13:01:21,2024-06-12,13:06:14,4.89,KT,서울 강남,수원 영통,,
유태경056,010-8056-1056,장도윤015,010-8015-1015,2024-07-14,19:35:47,2024-07-14,19:41:45,5.97,KT,대구 수성,서울 서초,,
양준석022,010-8022-1022,노시우025,010-8025-1025,2024-03-06,18:47:59,2024-03-06,18:59:38,11.66,SKT,대전 유성,서울 서초,,
한지우,010-1177-1007,장도윤063,010-8063-1063,2024-03-26,11:10:16,2024-03-26,11:24:25,14.15,LGU+,서울 서초,부산 해운대,,
정하늘,010-1144-1004,이영희,010-1111-1001,2024-03-02,18:50:02,2024-03-02,18:50:41,0.65,KT,대전 유성,서울 서초,,
문재혁,010-1254-1214,도하린042,010-8042-1042,2024-08-08,20:38:08,2024-08-08,20:44:14,6.11,LGU+,부산 해운대,수원 영통,,
설진우077,010-8077-1077,설진우029,010-8029-1029,2024-04-24,14:17:36,2024-04-24,14:32:49,15.22,KT,수원 영통,수원 영통,,
고은비005,010-8005-1005,양준석038,010-8038-1038,2024-08-09,09:24:59,2024-08-09,09:25:15,0.28,LGU+,부산 해운대,서울 강남,,
마준호011,010-8011-1011,변서연076,010-8076-1076,2024-07-26,09:48:30,2024-07-26,09:49:16,0.78,KT,서울 서초,부산 해운대,,
설진우029,010-8029-1029,변서연028,010-8028-1028,2024-06-18,06:05:51,2024-06-18,06:19:07,13.27,SKT,서울 서초,서울 영등포,,
변서연028,010-8028-1028,류하준034,010-8034-1034,2024-03-28,06:22:40,2024-03-28,06:28:34,5.9,LGU+,인천 부평,서울 강남,,
마준호075,010-8075-1075,장도윤079,010-8079-1079,2024-08-05,18:14:05,2024-08-05,18:25:20,11.26,KT,부산 해운대,서울 강남,,
이영희,010-1111-1201,오세진,010-1155-1105,2024-05-24,22:55:29,2024-05-24,22:55:46,0.29,SKT,인천 부평,부산 해운대,,
안채원046,010-8046-1046,전성호004,010-8004-1004,2024-02-20,10:32:04,2024-02-20,10:37:41,5.62,LGU+,서울 서초,서울 강남,,
차미래023,010-8023-1023,송우진017,010-8017-1017,2024-02-12,21:11:00,2024-02-12,21:27:10,16.18,LGU+,서울 영등포,서울 영등포,,
강민재,010-1188-1108,고은비005,010-8005-1005,2024-04-28,16:26:44,2024-04-28,16:42:57,16.22,KT,서울 서초,서울 서초,,
유태경024,010-8024-1024,남지연032,010-8032-1032,2024-08-20,17:37:52,2024-08-20,17:43:34,5.71,LGU+,대구 수성,부산 해운대,,
이영희,010-1111-1301,오세진,010-1155-1205,2024-10-05,07:41:09,2024-10-05,07:42:31,1.38,SKT,서울 서초,서울 강남,,
장도윤047,010-8047-1047,황미경035,010-8035-1035,2024-07-23,13:09:12,2024-07-23,13:26:31,17.33,SKT,대구 수성,서울 강남,,
최지훈,010-1133-1103,한지우,010-1177-1107,2024-05-01,14:39:18,2024-05-01,14:53:05,13.79,KT,부산 해운대,부산 해운대,,
마준호011,010-8011-1011,변서연028,010-8028-1028,2024-02-05,09:37:57,2024-02-05,09:48:19,10.38,SKT,대전 유성,부산 해운대,,
배성호,010-1232-1112,남지연016,010-8016-1016,2024-05-17,23:56:07,2024-05-18,00:10:13,14.11,SKT,대전 유성,대구 수성,,
양준석070,010-8070-1070,도하린058,010-8058-1058,2024-01-04,19:03:45,2024-01-04,19:17:34,13.83,LGU+,서울 서초,서울 서초,,
차미래071,010-8071-1071,마준호027,010-8027-1027,2024-02-10,08:57:39,2024-02-10,09:08:01,10.37,SKT,수원 영통,서울 영등포,,
설진우013,010-8013-1013,남지연000,010-8000-1000,2024-03-14,07:41:30,2024-03-14,07:44:31,3.02,LGU+,서울 강남,서울 영등포,,
정하늘,010-1144-1004,서유진,010-1199-1009,2024-03-23,10:59:45,2024-03-23,11:04:34,4.83,LGU+,인천 부평,서울 서초,,
남지연032,010-8032-1032,장도윤063,010-8063-1063,2024-04-01,03:52:45,2024-04-01,04:10:36,17.85,LGU+,부산 해운대,대구 수성,,
유태경040,010-8040-1040,마준호059,010-8059-1059,2024-06-12,23:29:07,2024-06-12,23:39:51,10.74,LGU+,서울 서초,대구 수성,,
고은비021,010-8021-1021,노시우073,010-8073-1073,2024-01-22,17:45:02,2024-01-22,17:56:39,11.63,SKT,대구 수성,부산 해운대,,
강민재,010-1188-1108,오세진,010-1155-1105,2024-05-05,16:26:36,2024-05-05,16:27:41,1.09,SKT,서울 영등포,서울 영등포,,
도하린010,010-8010-1010,고은비069,010-8069-1069,2024-09-24,09:57:18,2024-09-24,10:01:11,3.89,KT,대구 수성,인천 부평,,
노시우025,010-8025-1025,안채원062,010-8062-1062,2024-03-18,01:33:11,2024-03-18,01:38:09,4.97,SKT,서울 강남,수원 영통,,
박민수,010-1122-1002,양준석022,010-8022-1022,2024-03-11,10:00:26,2024-03-11,10:11:16,10.84,LGU+,대구 수성,대전 유성,,
남지연048,010-8048-1048,황미경035,010-8035-1035,2024-08-10,13:31:26,2024-08-10,13:33:17,1.85,KT,인천 부평,서울 영등포,,
임수빈,010-1221-1011,전성호036,010-8036-1036,2024-02-27,15:29:26,2024-02-27,15:44:59,15.55,LGU+,수원 영통,서울 영등포,,
고은비021,010-8021-1021,변서연028,010-8028-1028,2024-09-21,19:33:51,2024-09-21,19:38:10,4.33,SKT,대구 수성,대전 유성,,
이영희,010-1111-1101,박민수,010-1122-1102,2024-04-26,07:01:42,2024-04-26,07:02:09,0.45,KT,인천 부평,서울 서초,,
안채원030,010-8030-1030,전성호052,010-8052-1052,2024-08-03,04:19:34,2024-08-03,04:20:19,0.75,KT,서울 강남,인천 부평,,
황미경067,010-8067-1067,변서연012,010-8012-1012,2024-08-06,14:54:20,2024-08-06,14:54:35,0.26,LGU+,인천 부평,서울 영등포,,
오세진,010-1155-1105,이영희,010-1111-1201,2024-05-31,07:23:11,2024-05-31,07:23:46,0.59,LGU+,서울 영등포,인천 부평,,
유태경056,010-8056-1056,변서연028,010-8028-1028,2024-07-07,02:51:09,2024-07-07,03:00:26,9.29,KT,대전 유성,대전 유성,,
정하늘,010-1144-1004,안채원046,010-8046-1046,2024-01-12,12:42:41,2024-01-12,12:43:39,0.98,SKT,서울 영등포,서울 영등포,,
도하린074,010-8074-1074,조현우,010-1210-1110,2024-05-04,21:41:47,2024-05-04,21:57:20,15.55,LGU+,서울 서초,서울 서초,,
이영희,010-1111-1201,정하늘,010-1144-1204,2024-06-29,09:48:24,2024-06-29,09:49:42,1.31,KT,부산 해운대,수원 영통,,
유태경056,010-8056-1056,류하준018,010-8018-1018,2024-09-28,18:08:59,2024-09-28,18:10:15,1.27,KT,인천 부평,서울 서초,,
권태영,010-1276-1216,도하린010,010-8010-1010,2024-09-26,14:33:45,2024-09-26,14:40:54,7.15,LGU+,서울 서초,서울 강남,,
전성호020,010-8020-1020,설진우077,010-8077-1077,2024-02-16,12:18:44,2024-02-16,12:27:09,8.43,LGU+,부산 해운대,부산 해운대,,
서유진,010-1199-1209,차미래023,010-8023-1023,2024-08-09,12:01:47,2024-08-09,12:13:13,11.44,SKT,수원 영통,대구 수성,,
강민재,010-1188-1208,노시우073,010-8073-1073,2024-10-05,12:57:25,2024-10-05,13:12:19,14.91,SKT,인천 부평,서울 강남,,
양준석006,010-8006-1006,유태경056,010-8056-1056,2024-02-20,01:41:24,2024-02-20,01:42:33,1.15,KT,부산 해운대,인천 부평,,
황미경003,010-8003-1003,장도윤047,010-8047-1047,2024-08-06,23:28:33,2024-08-06,23:28:54,0.36,KT,인천 부평,서울 서초,,
차미래071,010-8071-1071,최지훈,010-1133-1203,2024-09-21,16:25:37,2024-09-21,16:38:10,12.55,SKT,서울 강남,대전 유성,,
남지연048,010-8048-1048,황미경019,010-8019-1019,2024-01-17,10:09:39,2024-01-17,10:12:10,2.53,LGU+,수원 영통,대구 수성,,
남지연016,010-8016-1016,도하린042,010-8042-1042,2024-01-28,13:41:35,2024-01-28,13:53:39,12.08,SKT,서울 영등포,대구 수성,,
송우진001,010-8001-1001,전성호052,010-8052-1052,2024-04-15,14:09:09,2024-04-15,14:10:17,1.14,SKT,대전 유성,대전 유성,,
배성호,010-1232-1112,오세진,010-1155-1105,2024-06-16,23:26:11,2024-06-16,23:26:38,0.46,LGU+,대전 유성,인천 부평,,
송우진017,010-8017-1017,양준석038,010-8038-1038,2024-05-08,22:35:42,2024-05-08,22:36:18,0.61,LGU+,서울 서초,서울 강남,,
도하린010,010-8010-1010,마준호043,010-8043-1043,2024-06-03,13:25:01,2024-06-03,13:29:08,4.13,LGU+,인천 부평,서울 서초,,
설진우013,010-8013-1013,송우진065,010-8065-1065,2024-09-04,09:09:08,2024-09-04,09:14:08,5.0,KT,부산 해운대,인천 부평,,
배성호,010-1232-1112,노시우041,010-8041-1041,2024-04-10,14:07:16,2024-04-10,14:19:40,12.4,KT,대전 유성,대구 수성,,
황미경051,010-8051-1051,류하준018,010-8018-1018,2024-09-03,10:35:02,2024-09-03,10:35:19,0.29,KT,인천 부평,대구 수성,,
서유진,010-1199-1109,황미경035,010-8035-1035,2024-04-06,23:48:07,2024-04-06,23:49:40,1.55,LGU+,대구 수성,서울 강남,,
양준석006,010-8006-1006,도하린074,010-8074-1074,2024-05-06,13:48:29,2024-05-06,14:00:18,11.82,KT,부산 해운대,인천 부평,,
도하린042,010-8042-1042,마준호059,010-8059-1059,2024-02-20,12:37:41,2024-02-20,12:45:47,8.11,KT,대구 수성,부산 해운대,,
이영희,010-1111-1001,박민수,010-1122-1002,2024-02-21,02:34:13,2024-02-21,02:35:04,0.86,SKT,대전 유성,서울 서초,,
송우진001,010-8001-1001,변서연060,010-8060-1060,2024-09-28,02:37:29,2024-09-28,02:44:23,6.91,LGU+,부산 해운대,수원 영통,,
오세진,010-1155-1105,이영희,010-1111-1101,2024-04-04,06:13:47,2024-04-04,06:14:36,0.83,LGU+,인천 부평,서울 서초,,
황미경035,010-8035-1035,설진우061,010-8061-1061,2024-05-18,05:30:14,2024-05-18,05:38:40,8.45,SKT,서울 강남,부산 해운대,,
배성호,010-1232-1012,도하린074,010-8074-1074,2024-01-02,23:05:46,2024-01-02,23:23:17,17.53,LGU+,대전 유성,서울 서초,,
설진우013,010-8013-1013,송우진001,010-8001-1001,2024-08-16,04:03:44,2024-08-16,04:07:41,3.95,KT,서울 강남,수원 영통,,
한지우,010-1177-1207,황미경051,010-8051-1051,2024-08-12,07:34:13,2024-08-12,07:48:02,13.82,SKT,서울 영등포,인천 부평,,
장도윤063,010-8063-1063,안채원030,010-8030-1030,2024-09-22,04:55:50,2024-09-22,04:57:05,1.26,SKT,대구 수성,서울 영등포,,
도하린058,010-8058-1058,도하린042,010-8042-1042,2024-02-24,19:07:03,2024-02-24,19:20:01,12.97,SKT,서울 서초,서울 영등포,,
홍예린,010-1243-1013,양준석022,010-8022-1022,2024-01-19,12:50:31,2024-01-19,12:54:41,4.17,LGU+,인천 부평,서울 강남,,
황미경019,010-8019-1019,송우진017,010-8017-1017,2024-03-04,22:26:16,2024-03-04,22:27:18,1.04,KT,서울 강남,서울 서초,,
마준호075,010-8075-1075,장도윤063,010-8063-1063,2024-02-28,04:25:03,2024-02-28,04:26:04,1.02,LGU+,서울 영등포,서울 서초,,
신소희,010-1265-1115,오세진,010-1155-1105,2024-04-22,20:12:39,2024-04-22,20:13:10,0.53,LGU+,서울 영등포,서울 서초,,
조현우,010-1210-1110,변서연044,010-8044-1044,2024-06-12,05:40:56,2024-06-12,05:58:18,17.37,LGU+,대전 유성,수원 영통,,
변서연076,010-8076-1076,장도윤047,010-8047-1047,2024-09-10,08:03:46,2024-09-10,08:11:14,7.47,KT,부산 해운대,대전 유성,,
전성호068,010-8068-1068,김철수,010-1100-1100,2024-09-23,17:51:41,2024-09-23,17:51:59,0.31,SKT,서울 서초,서울 영등포,,
변서연028,010-8028-1028,남지연016,010-8016-1016,2024-09-17,13:41:55,2024-09-17,13:55:45,13.84,SKT,부산 해운대,인천 부평,,
장도윤047,010-8047-1047,남지연000,010-8000-1000,2024-06-25,03:30:35,2024-06-25,03:43:15,12.68,LGU+,부산 해운대,수원 영통,,
류하준002,010-8002-1002,노시우041,010-8041-1041,2024-05-27,23:45:38,2024-05-27,23:46:54,1.28,LGU+,대구 수성,대전 유성,,
설진우045,010-8045-1045,유태경024,010-8024-1024,2024-03-22,07:22:29,2024-03-22,07:23:47,1.3,KT,서울 서초,서울 영등포,,
남지연032,010-8032-1032,장도윤047,010-8047-1047,2024-06-18,23:04:17,2024-06-18,23:04:59,0.7,KT,대구 수성,대전 유성,,
황미경035,010-8035-1035,도하린042,010-8042-1042,2024-02-09,02:16:59,2024-02-09,02:18:36,1.62,LGU+,인천 부평,서울 영등포,,
노시우041,010-8041-1041,장도윤063,010-8063-1063,2024-03-10,15:59:44,2024-03-10,16:00:02,0.3,LGU+,부산 해운대,대구 수성,,
강민재,010-1188-1008,차미래055,010-8055-1055,2024-02-29,14:39:38,2024-02-29,14:41:34,1.94,LGU+,서울 영등포,서울 서초,,
고은비069,010-8069-1069,고은비037,010-8037-1037,2024-05-20,01:56:33,2024-05-20,02:03:13,6.67,LGU+,대전 유성,부산 해운대,,
유태경072,010-8072-1072,변서연012,010-8012-1012,2024-02-27,16:27:13,2024-02-27,16:37:19,10.1,KT,서울 서초,대전 유성,,
류하준050,010-8050-1050,노시우073,010-8073-1073,2024-04-07,10:37:21,2024-04-07,10:49:01,11.68,KT,서울 강남,대구 수성,,
김철수,010-1100-1100,황미경051,010-8051-1051,2024-08-29,04:56:46,2024-08-29,05:12:05,15.32,LGU+,수원 영통,부산 해운대,,
고은비069,010-8069-1069,설진우061,010-8061-1061,2024-10-06,09:04:24,2024-10-06,09:05:16,0.88,KT,서울 서초,부산 해운대,,
고은비005,010-8005-1005,설진우013,010-8013-1013,2024-06-23,16:52:00,2024-06-23,17:03:22,11.38,KT,서울 서초,부산 해운대,,
양준석038,010-8038-1038,송우진065,010-8065-1065,2024-01-17,08:05:29,2024-01-17,08:06:36,1.12,KT,서울 서초,대전 유성,,
장도윤031,010-8031-1031,송우진001,010-8001-1001,2024-03-05,03:20:58,2024-03-05,03:27:49,6.85,LGU+,대구 수성,수원 영통,,
고은비037,010-8037-1037,류하준002,010-8002-1002,2024-06-07,18:39:50,2024-06-07,18:57:24,17.57,SKT,서울 영등포,부산 해운대,,
고은비021,010-8021-1021,송우진049,010-8049-1049,2024-03-01,02:18:09,2024-03-01,02:18:40,0.53,KT,서울 영등포,대전 유성,,
장도윤047,010-8047-1047,유태경072,010-8072-1072,2024-08-08,05:00:53,2024-08-08,05:02:33,1.68,LGU+,대구 수성,부산 해운대,,
권태영,010-1276-1116,유태경072,010-8072-1072,2024-05-04,11:45:12,2024-05-04,11:46:54,1.7,SKT,서울 서초,대구 수성,,
김철수,010-1100-1100,이영희,010-1111-1201,2024-06-22,03:15:12,2024-06-22,03:19:25,4.23,KT,서울 영등포,대구 수성,,
임수빈,010-1221-1211,양준석070,010-8070-1070,2024-08-01,09:09:12,2024-08-01,09:15:48,6.61,KT,부산 해운대,수원 영통,,
마준호059,010-8059-1059,류하준018,010-8018-1018,2024-02-03,14:06:01,2024-02-03,14:06:49,0.8,SKT,수원 영통,서울 서초,,
전성호020,010-8020-1020,마준호011,010-8011-1011,2024-10-01,05:06:40,2024-10-01,05:10:57,4.29,LGU+,대구 수성,서울 영등포,,
고은비037,010-8037-1037,남지연064,010-8064-1064,2024-01-16,18:46:41,2024-01-16,18:57:38,10.95,LGU+,서울 영등포,서울 서초,,
황미경051,010-8051-1051,송우진033,010-8033-1033,2024-04-27,09:51:10,2024-04-27,10:07:38,16.48,KT,대구 수성,부산 해운대,,
강민재,010-1188-1108,도하린074,010-8074-1074,2024-05-01,20:09:40,2024-05-01,20:27:09,17.49,KT,서울 영등포,대구 수성,,
장도윤079,010-8079-1079,마준호043,010-8043-1043,2024-05-24,01:53:31,2024-05-24,01:53:50,0.33,KT,부산 해운대,서울 영등포,,
박민수,010-1122-1102,고은비069,010-8069-1069,2024-06-29,17:45:02,2024-06-29,17:56:14,11.21,KT,서울 서초,서울 서초,,
송우진033,010-8033-1033,양준석022,010-8022-1022,2024-08-30,15:56:59,2024-08-30,16:02:12,5.23,SKT,대구 수성,부산 해운대,,
류하준050,010-8050-1050,도하린010,010-8010-1010,2024-06-15,05:11:35,2024-06-15,05:28:10,16.59,LGU+,서울 강남,수원 영통,,
황미경067,010-8067-1067,송우진065,010-8065-1065,2024-01-19,09:16:40,2024-01-19,09:18:49,2.16,KT,서울 강남,인천 부평,,
차미래007,010-8007-1007,송우진017,010-8017-1017,2024-08-24,06:25:04,2024-08-24,06:26:26,1.38,LGU+,수원 영통,부산 해운대,,
송우진049,010-8049-1049,황미경051,010-8051-1051,2024-07-04,12:23:01,2024-07-04,12:23:33,0.54,SKT,수원 영통,서울 강남,,
안채원078,010-8078-1078,송우진001,010-8001-1001,2024-07-14,06:57:44,2024-07-14,06:58:05,0.35,KT,서울 강남,부산 해운대,,
도하린042,010-8042-1042,유태경008,010-8008-1008,2024-02-17,17:49:07,2024-02-17,17:59:09,10.04,LGU+,서울 서초,수원 영통,,
변서연044,010-8044-1044,고은비037,010-8037-1037,2024-02-11,08:40:48,2024-02-11,08:49:07,8.33,SKT,서울 서초,부산 해운대,,
문재혁,010-1254-1014,오세진,010-1155-1005,2024-02-07,14:22:37,2024-02-07,14:23:12,0.59,KT,인천 부평,수원 영통,,
최지훈,010-1133-1103,문재혁,010-1254-1214,2024-07-07,13:56:25,2024-07-07,14:10:03,13.64,KT,대전 유성,서울 영등포,,
안채원078,010-8078-1078,양준석054,010-8054-1054,2024-05-22,01:25:18,2024-05-22,01:32:55,7.63,LGU+,대구 수성,수원 영통,,
배성호,010-1232-1212,도하린026,010-8026-1026,2024-07-08,10:26:02,2024-07-08,10:36:35,10.56,SKT,서울 영등포,서울 강남,,
류하준034,010-8034-1034,전성호036,010-8036-1036,2024-04-26,10:59:57,2024-04-26,11:06:27,6.51,SKT,부산 해운대,대전 유성,,
황미경019,010-8019-1019,장도윤047,010-8047-1047,2024-01-22,10:24:30,2024-01-22,10:26:11,1.69,KT,수원 영통,서울 강남,,
도하린058,010-8058-1058,황미경067,010-8067-1067,2024-03-04,17:03:38,2024-03-04,17:21:13,17.59,SKT,서울 서초,부산 해운대,,
변서연044,010-8044-1044,류하준050,010-8050-1050,2024-09-04,15:38:26,2024-09-04,15:51:06,12.68,SKT,인천 부평,인천 부평,,
장도윤015,010-8015-1015,도하린058,010-8058-1058,2024-03-03,12:46:14,2024-03-03,13:00:56,14.71,SKT,서울 서초,서울 서초,,
고은비005,010-8005-1005,설진우077,010-8077-1077,2024-05-24,19:24:24,2024-05-24,19:34:42,10.3,LGU+,인천 부평,대구 수성,,
문재혁,010-1254-1014,송우진049,010-8049-1049,2024-02-27,07:31:40,2024-02-27,07:42:46,11.1,LGU+,서울 강남,대전 유성,,
차미래023,010-8023-1023,변서연012,010-8012-1012,2024-02-21,11:58:04,2024-02-21,11:58:45,0.69,LGU+,대전 유성,대구 수성,,
장도윤079,010-8079-1079,황미경019,010-8019-1019,2024-08-16,10:15:42,2024-08-16,10:23:55,8.22,SKT,수원 영통,대전 유성,,
안채원030,010-8030-1030,마준호075,010-8075-1075,2024-07-26,12:38:13,2024-07-26,12:39:02,0.82,SKT,대구 수성,부산 해운대,,
전성호052,010-8052-1052,남지연016,010-8016-1016,2024-06-25,00:35:51,2024-06-25,00:38:25,2.57,KT,수원 영통,대구 수성,,
전성호020,010-8020-1020,고은비021,010-8021-1021,2024-01-10,09:32:53,2024-01-10,09:42:42,9.82,LGU+,대전 유성,서울 강남,,
양준석038,010-8038-1038,서유진,010-1199-1209,2024-10-01,18:10:57,2024-10-01,18:17:34,6.63,KT,서울 서초,인천 부평,,
남지연064,010-8064-1064,류하준018,010-8018-1018,2024-02-12,05:28:02,2024-02-12,05:33:42,5.68,SKT,대구 수성,서울 영등포,,
도하린010,010-8010-1010,노시우073,010-8073-1073,2024-07-08,06:34:39,2024-07-08,06:35:04,0.43,SKT,인천 부평,수원 영통,,
안채원014,010-8014-1014,양준석038,010-8038-1038,2024-07-09,00:11:09,2024-07-09,00:25:32,14.39,KT,수원 영통,수원 영통,,
유태경056,010-8056-1056,고은비021,010-8021-1021,2024-05-11,14:54:00,2024-05-11,15:09:49,15.82,LGU+,부산 해운대,서울 서초,,
류하준066,010-8066-1066,황미경051,010-8051-1051,2024-03-28,11:41:09,2024-03-28,11:52:07,10.98,LGU+,대전 유성,대전 유성,,
정하늘,010-1144-1004,이영희,010-1111-1101,2024-04-11,02:37:44,2024-04-11,02:39:00,1.28,SKT,서울 서초,인천 부평,,
서유진,010-1199-1009,마준호075,010-8075-1075,2024-03-13,03:54:33,2024-03-13,04:10:10,15.63,SKT,대전 유성,대구 수성,,
남지연000,010-8000-1000,변서연012,010-8012-1012,2024-09-11,16:06:21,2024-09-11,16:13:30,7.16,SKT,대구 수성,서울 강남,,
황미경067,010-8067-1067,도하린074,010-8074-1074,2024-01-27,03:24:41,2024-01-27,03:40:09,15.47,LGU+,서울 영등포,서울 서초,,
윤다은,010-1166-1206,이영희,010-1111-1301,2024-09-07,04:28:34,2024-09-07,04:29:23,0.83,KT,대구 수성,수원 영통,,
마준호043,010-8043-1043,고은비053,010-8053-1053,2024-01-29,06:38:29,2024-01-29,06:39:04,0.59,SKT,서울 강남,대구 수성,,
도하린026,010-8026-1026,강민재,010-1188-1108,2024-04-19,05:32:07,2024-04-19,05:47:25,15.31,SKT,서울 서초,서울 강남,,
양준석006,010-8006-1006,임수빈,010-1221-1111,2024-07-08,09:12:42,2024-07-08,09:13:52,1.17,SKT,서울 영등포,부산 해운대,,
송우진049,010-8049-1049,양준석006,010-8006-1006,2024-03-29,10:16:49,2024-03-29,10:17:59,1.18,LGU+,대구 수성,서울 영등포,,
양준석054,010-8054-1054,안채원046,010-8046-1046,2024-06-11,22:53:39,2024-06-11,22:59:33,5.9,LGU+,서울 영등포,인천 부평,,
마준호059,010-8059-1059,장도윤063,010-8063-1063,2024-09-09,12:34:09,2024-09-09,12:49:43,15.57,LGU+,대구 수성,수원 영통,,
임수빈,010-1221-1111,정하늘,010-1144-1104,2024-04-18,21:49:47,2024-04-18,21:54:56,5.16,LGU+,대구 수성,수원 영통,,
황미경067,010-8067-1067,고은비021,010-8021-1021,2024-04-26,07:11:19,2024-04-26,07:13:51,2.54,LGU+,대전 유성,서울 서초,,
안채원078,010-8078-1078,도하린010,010-8010-1010,2024-01-29,10:58:03,2024-01-29,11:08:02,9.99,LGU+,서울 강남,대전 유성,,
류하준066,010-8066-1066,고은비037,010-8037-1037,2024-03-24,09:31:18,2024-03-24,09:33:24,2.1,KT,서울 강남,수원 영통,,
도하린042,010-8042-1042,남지연064,010-8064-1064,2024-09-01,23:59:13,2024-09-02,00:17:01,17.8,LGU+,인천 부평,서울 서초,,
문재혁,010-1254-1214,장도윤047,010-8047-1047,2024-09-23,03:36:00,2024-09-23,03:41:19,5.33,LGU+,서울 영등포,부산 해운대,,
변서연012,010-8012-1012,황미경051,010-8051-1051,2024-01-07,05:20:08,2024-01-07,05:30:54,10.77,KT,수원 영통,서울 강남,,
안채원062,010-8062-1062,차미래055,010-8055-1055,2024-08-05,02:27:16,2024-08-05,02:34:11,6.92,KT,대전 유성,인천 부평,,
양준석022,010-8022-1022,류하준066,010-8066-1066,2024-08-14,20:26:40,2024-08-14,20:27:03,0.39,LGU+,대전 유성,부산 해운대,,
차미래071,010-8071-1071,장도윤063,010-8063-1063,2024-03-20,09:40:19,2024-03-20,09:41:26,1.13,SKT,수원 영통,부산 해운대,,
황미경035,010-8035-1035,남지연016,010-8016-1016,2024-08-05,02:09:46,2024-08-05,02:12:39,2.89,SKT,서울 강남,부산 해운대,,
문재혁,010-1254-1014,설진우013,010-8013-1013,2024-03-10,09:00:25,2024-03-10,09:07:04,6.65,LGU+,대구 수성,대전 유성,,
최지훈,010-1133-1003,임수빈,010-1221-1011,2024-03-03,01:15:26,2024-03-03,01:27:17,11.86,LGU+,수원 영통,서울 서초,,
고은비053,010-8053-1053,송우진033,010-8033-1033,2024-01-31,04:13:35,2024-01-31,04:14:50,1.26,KT,서울 강남,부산 해운대,,
배성호,010-1232-1212,양준석070,010-8070-1070,2024-07-11,13:11:43,2024-07-11,13:22:40,10.96,KT,서울 서초,인천 부평,,
남지연032,010-8032-1032,고은비069,010-8069-1069,2024-07-24,00:18:37,2024-07-24,00:19:40,1.05,LGU+,서울 서초,서울 강남,,
도하린026,010-8026-1026,장도윤015,010-8015-1015,2024-03-13,01:15:44,2024-03-13,01:24:12,8.48,KT,서울 서초,서울 강남,,
임수빈,010-1221-1111,박민수,010-1122-1102,2024-04-23,10:49:10,2024-04-23,10:51:28,2.3,LGU+,서울 서초,부산 해운대,,
양준석070,010-8070-1070,변서연028,010-8028-1028,2024-04-22,19:07:02,2024-04-22,19:07:22,0.34,KT,서울 서초,서울 영등포,,
변서연044,010-8044-1044,황미경019,010-8019-1019,2024-08-17,19:38:03,2024-08-17,19:44:25,6.37,SKT,서울 서초,수원 영통,,
변서연044,010-8044-1044,도하린042,010-8042-1042,2024-08-01,08:19:12,2024-08-01,08:20:54,1.7,LGU+,대전 유성,서울 서초,,
차미래007,010-8007-1007,마준호043,010-8043-1043,2024-01-30,09:15:13,2024-01-30,09:16:36,1.39,SKT,대전 유성,부산 해운대,,
류하준002,010-8002-1002,도하린058,010-8058-1058,2024-07-25,05:00:23,2024-07-25,05:15:17,14.9,KT,대전 유성,대구 수성,,
정하늘,010-1144-1004,권태영,010-1276-1016,2024-03-17,19:57:32,2024-03-17,20:00:54,3.38,LGU+,대전 유성,서울 영등포,,
차미래039,010-8039-1039,도하린042,010-8042-1042,2024-02-12,01:39:00,2024-02-12,01:40:16,1.27,SKT,서울 영등포,대구 수성,,
도하린074,010-8074-1074,전성호052,010-8052-1052,2024-08-17,01:42:56,2024-08-17,01:53:19,10.39,KT,수원 영통,대전 유성,,
안채원030,010-8030-1030,장도윤079,010-8079-1079,2024-03-22,07:46:34,2024-03-22,08:02:19,15.75,LGU+,서울 영등포,서울 강남,,
한지우,010-1177-1207,박민수,010-1122-1202,2024-07-24,02:09:47,2024-07-24,02:21:32,11.76,SKT,서울 서초,부산 해운대,,
김철수,010-1100-1000,임수빈,010-1221-1011,2024-02-10,12:57:54,2024-02-10,12:59:01,1.13,LGU+,서울 영등포,서울 서초,,
임수빈,010-1221-1111,박민수,010-1122-1102,2024-06-27,11:46:52,2024-06-27,11:58:50,11.97,SKT,부산 해운대,서울 서초,,
안채원046,010-8046-1046,안채원062,010-8062-1062,2024-01-21,19:48:29,2024-01-21,19:58:23,9.91,SKT,서울 영등포,서울 강남,,
박민수,010-1122-1202,신소희,010-1265-1215,2024-07-16,09:16:46,2024-07-16,09:32:14,15.48,LGU+,서울 영등포,대전 유성,,
유태경040,010-8040-1040,류하준066,010-8066-1066,2024-04-28,03:45:51,2024-04-28,03:46:12,0.36,SKT,대구 수성,인천 부평,,
장도윤047,010-8047-1047,안채원078,010-8078-1078,2024-08-10,18:33:20,2024-08-10,18:34:39,1.32,KT,대전 유성,서울 강남,,
양준석038,010-8038-1038,안채원062,010-8062-1062,2024-04-07,07:37:10,2024-04-07,07:38:53,1.73,KT,대구 수성,수원 영통,,
노시우073,010-8073-1073,차미래039,010-8039-1039,2024-01-10,06:40:16,2024-01-10,06:41:31,1.25,LGU+,서울 강남,서울 서초,,
변서연012,010-8012-1012,안채원062,010-8062-1062,2024-09-10,07:37:27,2024-09-10,07:38:31,1.07,SKT,수원 영통,대구 수성,,
남지연064,010-8064-1064,장도윤079,010-8079-1079,2024-06-05,22:15:10,2024-06-05,22:21:31,6.36,SKT,서울 영등포,서울 영등포,,
변서연060,010-8060-1060,설진우061,010-8061-1061,2024-07-05,22:17:18,2024-07-05,22:26:27,9.16,LGU+,서울 강남,서울 영등포,,
고은비005,010-8005-1005,변서연076,010-8076-1076,2024-08-03,02:03:39,2024-08-03,02:08:54,5.26,SKT,서울 서초,수원 영통,,
권태영,010-1276-1116,안채원014,010-8014-1014,2024-05-17,17:52:23,2024-05-17,18:02:35,10.21,SKT,수원 영통,부산 해운대,,
변서연028,010-8028-1028,설진우061,010-8061-1061,2024-04-22,07:09:55,2024-04-22,07:10:17,0.38,KT,대전 유성,대구 수성,,
도하린042,010-8042-1042,설진우045,010-8045-1045,2024-06-10,14:19:27,2024-06-10,14:30:01,10.58,KT,서울 강남,대구 수성,,
홍예린,010-1243-1213,최지훈,010-1133-1203,2024-09-02,20:11:51,2024-09-02,20:15:08,3.29,LGU+,수원 영통,서울 강남,,
류하준002,010-8002-1002,권태영,010-1276-1216,2024-07-15,08:30:31,2024-07-15,08:44:41,14.17,LGU+,부산 해운대,수원 영통,,
정하늘,010-1144-1204,조현우,010-1210-1210,2024-08-01,19:40:01,2024-08-01,19:49:29,9.47,LGU+,인천 부평,인천 부평,,
안채원014,010-8014-1014,도하린026,010-8026-1026,2024-09-14,09:40:28,2024-09-14,09:40:48,0.34,SKT,수원 영통,서울 강남,,
고은비069,010-8069-1069,마준호043,010-8043-1043,2024-02-12,17:27:30,2024-02-12,17:45:30,18.0,KT,부산 해운대,서울 강남,,
고은비037,010-8037-1037,유태경072,010-8072-1072,2024-03-06,00:10:33,2024-03-06,00:11:43,1.17,SKT,부산 해운대,수원 영통,,
노시우041,010-8041-1041,송우진033,010-8033-1033,2024-06-28,19:46:39,2024-06-28,19:47:54,1.26,LGU+,대전 유성,서울 서초,,
고은비037,010-8037-1037,유태경072,010-8072-1072,2024-01-06,09:16:13,2024-01-06,09:19:40,3.45,SKT,서울 강남,대구 수성,,
배성호,010-1232-1112,도하린010,010-8010-1010,2024-05-12,02:01:04,2024-05-12,02:05:25,4.36,LGU+,수원 영통,서울 영등포,,
마준호059,010-8059-1059,마준호043,010-8043-1043,2024-04-10,02:07:08,2024-04-10,02:24:11,17.06,SKT,수원 영통,인천 부평,,
양준석070,010-8070-1070,안채원046,010-8046-1046,2024-08-29,07:22:25,2024-08-29,07:23:42,1.29,SKT,대전 유성,서울 영등포,,
류하준002,010-8002-1002,오세진,010-1155-1205,2024-08-13,21:29:30,2024-08-13,21:30:04,0.57,KT,수원 영통,대전 유성,,
황미경003,010-8003-1003,전성호020,010-8020-1020,2024-02-24,15:59:43,2024-02-24,16:00:32,0.82,SKT,부산 해운대,서울 서초,,
유태경040,010-8040-1040,유태경024,010-8024-1024,2024-08-17,15:16:39,2024-08-17,15:29:34,12.93,SKT,대구 수성,대구 수성,,
도하린074,010-8074-1074,송우진049,010-8049-1049,2024-04-17,22:27:22,2024-04-17,22:28:24,1.04,LGU+,인천 부평,부산 해운대,,
황미경003,010-8003-1003,변서연028,010-8028-1028,2024-01-09,13:05:56,2024-01-09,13:13:43,7.79,LGU+,서울 서초,서울 영등포,,
변서연012,010-8012-1012,노시우041,010-8041-1041,2024-08-19,08:17:45,2024-08-19,08:32:21,14.61,KT,대전 유성,부산 해운대,,
신소희,010-1265-1015,유태경072,010-8072-1072,2024-01-05,19:41:10,2024-01-05,19:49:38,8.48,LGU+,부산 해운대,서울 영등포,,
이영희,010-1111-1201,오세진,010-1155-1105,2024-06-04,02:15:07,2024-06-04,02:16:02,0.93,KT,부산 해운대,대구 수성,,
고은비005,010-8005-1005,마준호027,010-8027-1027,2024-04-05,07:45:20,2024-04-05,07:45:37,0.29,SKT,수원 영통,부산 해운대,,
마준호059,010-8059-1059,변서연060,010-8060-1060,2024-02-18,12:35:33,2024-02-18,12:35:48,0.26,SKT,대전 유성,부산 해운대,,
전성호004,010-8004-1004,차미래071,010-8071-1071,2024-03-31,22:06:29,2024-03-31,22:15:42,9.22,SKT,대전 유성,서울 서초,,
유태경024,010-8024-1024,고은비053,010-8053-1053,2024-03-18,13:35:36,2024-03-18,13:40:56,5.34,SKT,서울 강남,서울 서초,,
고은비021,010-8021-1021,차미래023,010-8023-1023,2024-06-27,10:43:10,2024-06-27,10:43:28,0.31,KT,대전 유성,서울 강남,,
설진우045,010-8045-1045,노시우057,010-8057-1057,2024-01-04,08:48:17,2024-01-04,08:50:24,2.13,SKT,수원 영통,인천 부평,,
노시우025,010-8025-1025,유태경040,010-8040-1040,2024-06-28,17:16:42,2024-06-28,17:25:58,9.27,KT,수원 영통,서울 강남,,
설진우077,010-8077-1077,송우진001,010-8001-1001,2024-08-15,14:28:08,2024-08-15,14:29:05,0.95,KT,대전 유성,대구 수성,,
변서연012,010-8012-1012,도하린026,010-8026-1026,2024-03-12,00:23:49,2024-03-12,00:24:32,0.73,LGU+,서울 서초,대전 유성,,
송우진065,010-8065-1065,유태경024,010-8024-1024,2024-04-11,12:34:28,2024-04-11,12:37:24,2.94,LGU+,대구 수성,서울 서초,,
유태경056,010-8056-1056,황미경035,010-8035-1035,2024-05-04,05:20:46,2024-05-04,05:21:35,0.82,LGU+,수원 영통,서울 강남,,
정하늘,010-1144-1104,변서연028,010-8028-1028,2024-06-05,10:51:03,2024-06-05,10:51:43,0.67,LGU+,서울 강남,서울 영등포,,
전성호052,010-8052-1052,장도윤047,010-8047-1047,2024-04-19,12:09:30,2024-04-19,12:12:21,2.85,LGU+,수원 영통,인천 부평,,
유태경056,010-8056-1056,안채원014,010-8014-1014,2024-06-25,05:14:45,2024-06-25,05:15:55,1.18,SKT,서울 영등포,부산 해운대,,
황미경019,010-8019-1019,마준호027,010-8027-1027,2024-07-12,00:02:31,2024-07-12,00:03:16,0.76,KT,대구 수성,서울 영등포,,
노시우009,010-8009-1009,차미래039,010-8039-1039,2024-07-26,09:52:13,2024-07-26,09:53:07,0.9,SKT,부산 해운대,서울 강남,,
설진우077,010-8077-1077,송우진049,010-8049-1049,2024-04-17,16:16:35,2024-04-17,16:17:27,0.87,KT,부산 해운대,서울 강남,,
변서연076,010-8076-1076,마준호075,010-8075-1075,2024-08-15,16:07:46,2024-08-15,16:07:58,0.2,KT,서울 강남,서울 영등포,,
노시우041,010-8041-1041,안채원030,010-8030-1030,2024-07-29,00:28:20,2024-07-29,00:29:01,0.69,LGU+,인천 부평,인천 부평,,
유태경024,010-8024-1024,도하린026,010-8026-1026,2024-04-07,09:46:11,2024-04-07,10:00:57,14.78,KT,인천 부평,수원 영통,,
이영희,010-1111-1201,김철수,010-1100-1100,2024-07-12,02:35:18,2024-07-12,02:50:24,15.1,LGU+,대전 유성,부산 해운대,,
이영희,010-1111-1201,정하늘,010-1144-1204,2024-07-13,08:48:53,2024-07-13,08:49:38,0.75,SKT,수원 영통,서울 강남,,
최지훈,010-1133-1103,조현우,010-1210-1110,2024-05-26,15:44:53,2024-05-26,15:48:14,3.36,LGU+,수원 영통,수원 영통,,
장도윤031,010-8031-1031,차미래071,010-8071-1071,2024-09-28,05:40:31,2024-09-28,05:58:08,17.62,SKT,서울 영등포,서울 강남,,
배성호,010-1232-1212,정하늘,010-1144-1204,2024-09-11,00:05:25,2024-09-11,00:15:00,9.59,SKT,부산 해운대,대전 유성,,
이영희,010-1111-1201,전성호004,010-8004-1004,2024-05-14,17:45:59,2024-05-14,17:46:47,0.81,SKT,서울 영등포,서울 강남,,
변서연044,010-8044-1044,차미래039,010-8039-1039,2024-04-08,13:11:54,2024-04-08,13:21:43,9.82,KT,대구 수성,인천 부평,,
양준석038,010-8038-1038,황미경051,010-8051-1051,2024-08-07,10:24:56,2024-08-07,10:28:01,3.09,SKT,부산 해운대,대전 유성,,
마준호075,010-8075-1075,차미래071,010-8071-1071,2024-03-11,15:21:05,2024-03-11,15:33:50,12.75,KT,서울 서초,인천 부평,,
황미경051,010-8051-1051,양준석006,010-8006-1006,2024-06-02,08:06:52,2024-06-02,08:10:23,3.52,SKT,부산 해운대,부산 해운대,,
변서연060,010-8060-1060,송우진001,010-8001-1001,2024-04-01,04:30:04,2024-04-01,04:47:57,17.89,SKT,인천 부평,부산 해운대,,
변서연060,010-8060-1060,차미래071,010-8071-1071,2024-06-23,10:22:52,2024-06-23,10:23:38,0.78,KT,수원 영통,부산 해운대,,
안채원062,010-8062-1062,마준호075,010-8075-1075,2024-09-24,06:37:44,2024-09-24,06:38:56,1.2,LGU+,수원 영통,인천 부평,,
유태경008,010-8008-1008,양준석022,010-8022-1022,2024-09-12,05:34:13,2024-09-12,05:35:41,1.47,SKT,서울 영등포,대전 유성,,
문재혁,010-1254-1214,류하준002,010-8002-1002,2024-07-07,10:43:07,2024-07-07,11:00:46,17.66,LGU+,인천 부평,서울 강남,,
양준석038,010-8038-1038,안채원030,010-8030-1030,2024-02-11,18:54:50,2024-02-11,19:05:35,10.76,SKT,수원 영통,서울 서초,,
도하린026,010-8026-1026,차미래023,010-8023-1023,2024-03-31,05:41:09,2024-03-31,05:41:58,0.83,SKT,서울 서초,수원 영통,,
남지연064,010-8064-1064,양준석070,010-8070-1070,2024-05-17,02:32:49,2024-05-17,02:37:23,4.58,SKT,수원 영통,인천 부평,,
송우진033,010-8033-1033,마준호011,010-8011-1011,2024-08-04,03:22:27,2024-08-04,03:24:12,1.75,LGU+,부산 해운대,서울 영등포,,
마준호043,010-8043-1043,유태경072,010-8072-1072,2024-03-02,17:59:08,2024-03-02,18:03:14,4.11,SKT,대구 수성,대구 수성,,
장도윤047,010-8047-1047,노시우025,010-8025-1025,2024-02-04,14:14:43,2024-02-04,14:28:03,13.34,SKT,대구 수성,수원 영통,,
양준석070,010-8070-1070,남지연000,010-8000-1000,2024-08-17,06:21:19,2024-08-17,06:26:21,5.04,LGU+,서울 영등포,대구 수성,,
노시우009,010-8009-1009,변서연060,010-8060-1060,2024-02-01,07:53:38,2024-02-01,07:54:32,0.9,LGU+,대구 수성,부산 해운대,,
류하준066,010-8066-1066,변서연044,010-8044-1044,2024-07-30,11:21:30,2024-07-30,11:22:44,1.24,SKT,서울 영등포,서울 강남,,
설진우029,010-8029-1029,도하린042,010-8042-1042,2024-05-22,02:21:34,2024-05-22,02:37:32,15.97,LGU+,서울 영등포,서울 강남,,
류하준034,010-8034-1034,류하준066,010-8066-1066,2024-07-25,00:04:36,2024-07-25,00:21:52,17.27,SKT,부산 해운대,인천 부평,,
양준석038,010-8038-1038,장도윤015,010-8015-1015,2024-08-20,04:04:56,2024-08-20,04:22:34,17.64,LGU+,대전 유성,인천 부평,,
설진우029,010-8029-1029,양준석038,010-8038-1038,2024-02-04,15:53:18,2024-02-04,15:54:20,1.04,SKT,부산 해운대,서울 서초,,
문재혁,010-1254-1214,정하늘,010-1144-1204,2024-09-25,15:08:47,2024-09-25,15:24:38,15.86,KT,대구 수성,서울 강남,,
도하린026,010-8026-1026,전성호020,010-8020-1020,2024-06-11,13:14:17,2024-06-11,13:18:25,4.14,KT,수원 영통,대전 유성,,
최지훈,010-1133-1003,조현우,010-1210-1010,2024-01-15,10:59:06,2024-01-15,11:14:22,15.27,LGU+,대전 유성,서울 영등포,,
윤다은,010-1166-1106,이영희,010-1111-1201,2024-06-08,17:00:35,2024-06-08,17:01:18,0.73,SKT,서울 서초,수원 영통,,
차미래071,010-8071-1071,전성호052,010-8052-1052,2024-09-12,23:47:40,2024-09-12,23:50:07,2.46,SKT,대구 수성,서울 강남,,
류하준034,010-8034-1034,양준석006,010-8006-1006,2024-07-19,08:53:33,2024-07-19,08:56:39,3.11,LGU+,서울 강남,인천 부평,,
양준석006,010-8006-1006,이영희,010-1111-1001,2024-01-18,07:10:25,2024-01-18,07:11:02,0.62,LGU+,수원 영통,수원 영통,,
한지우,010-1177-1107,유태경056,010-8056-1056,2024-06-09,13:09:26,2024-06-09,13:22:10,12.74,KT,수원 영통,서울 강남,,
장도윤031,010-8031-1031,고은비005,010-8005-1005,2024-06-13,17:32:06,2024-06-13,17:39:54,7.81,LGU+,서울 강남,서울 영등포,,
노시우073,010-8073-1073,설진우013,010-8013-1013,2024-02-24,23:07:15,2024-02-24,23:07:28,0.22,KT,서울 영등포,인천 부평,,
노시우041,010-8041-1041,황미경067,010-8067-1067,2024-09-29,16:25:48,2024-09-29,16:36:05,10.29,SKT,인천 부평,대전 유성,,
안채원046,010-8046-1046,노시우073,010-8073-1073,2024-04-10,22:00:43,2024-04-10,22:03:52,3.15,LGU+,서울 강남,서울 영등포,,
이영희,010-1111-1301,오세진,010-1155-1205,2024-08-09,23:20:38,2024-08-09,23:21:09,0.53,SKT,부산 해운대,서울 강남,,
이영희,010-1111-1101,최지훈,010-1133-1103,2024-05-06,20:17:49,2024-05-06,20:19:01,1.21,KT,부산 해운대,인천 부평,,
이영희,010-1111-1101,정하늘,010-1144-1104,2024-04-18,11:51:16,2024-04-18,11:51:54,0.64,LGU+,인천 부평,서울 강남,,
오세진,010-1155-1105,장도윤031,010-8031-1031,2024-05-10,03:40:29,2024-05-10,03:48:43,8.24,SKT,수원 영통,인천 부평,,
양준석054,010-8054-1054,전성호052,010-8052-1052,2024-02-13,04:35:15,2024-02-13,04:36:07,0.88,KT,서울 서초,서울 강남,,
차미래071,010-8071-1071,류하준018,010-8018-1018,2024-04-08,14:41:46,2024-04-08,14:57:44,15.97,LGU+,서울 강남,인천 부평,,
송우진049,010-8049-1049,유태경056,010-8056-1056,2024-07-09,04:45:04,2024-07-09,04:56:17,11.22,LGU+,대구 수성,서울 영등포,,
변서연044,010-8044-1044,전성호052,010-8052-1052,2024-07-24,11:29:22,2024-07-24,11:30:34,1.2,SKT,수원 영통,대구 수성,,
설진우061,010-8061-1061,마준호027,010-8027-1027,2024-07-17,17:40:40,2024-07-17,17:41:34,0.9,SKT,서울 영등포,서울 영등포,,
도하린010,010-8010-1010,변서연028,010-8028-1028,2024-08-13,03:53:24,2024-08-13,03:53:37,0.23,LGU+,부산 해운대,대구 수성,,
남지연048,010-8048-1048,류하준002,010-8002-1002,2024-05-01,04:01:05,2024-05-01,04:04:20,3.26,LGU+,대전 유성,수원 영통,,
도하린058,010-8058-1058,유태경008,010-8008-1008,2024-02-22,23:56:09,2024-02-22,23:56:47,0.64,SKT,서울 서초,대구 수성,,
강민재,010-1188-1208,고은비037,010-8037-1037,2024-07-31,02:07:53,2024-07-31,02:24:52,16.99,SKT,대전 유성,인천 부평,,
송우진033,010-8033-1033,황미경019,010-8019-1019,2024-09-26,22:22:00,2024-09-26,22:22:13,0.22,KT,부산 해운대,수원 영통,,
고은비069,010-8069-1069,황미경003,010-8003-1003,2024-07-14,12:49:10,2024-07-14,13:03:12,14.04,LGU+,서울 강남,부산 해운대,,
도하린058,010-8058-1058,마준호027,010-8027-1027,2024-04-21,18:41:37,2024-04-21,18:43:04,1.46,SKT,대전 유성,서울 영등포,,
임수빈,010-1221-1111,송우진033,010-8033-1033,2024-06-10,12:44:53,2024-06-10,12:58:23,13.5,KT,수원 영통,인천 부평,,
변서연012,010-8012-1012,고은비037,010-8037-1037,2024-08-06,09:52:01,2024-08-06,09:54:08,2.13,SKT,서울 영등포,대전 유성,,
장도윤031,010-8031-1031,설진우061,010-8061-1061,2024-03-20,18:58:47,2024-03-20,19:10:02,11.25,LGU+,부산 해운대,부산 해운대,,
전성호004,010-8004-1004,도하린026,010-8026-1026,2024-09-08,00:22:44,2024-09-08,00:23:02,0.3,KT,서울 영등포,대구 수성,,
권태영,010-1276-1116,노시우025,010-8025-1025,2024-05-03,17:20:55,2024-05-03,17:22:02,1.12,KT,대구 수성,서울 영등포,,
유태경008,010-8008-1008,노시우057,010-8057-1057,2024-01-18,16:16:37,2024-01-18,16:17:20,0.73,LGU+,대전 유성,대구 수성,,
마준호011,010-8011-1011,송우진033,010-8033-1033,2024-06-06,08:30:14,2024-06-06,08:44:14,14.0,LGU+,부산 해운대,대전 유성,,
유태경040,010-8040-1040,장도윤031,010-8031-1031,2024-02-03,10:50:11,2024-02-03,10:51:54,1.72,LGU+,서울 강남,인천 부평,,
고은비037,010-8037-1037,박민수,010-1122-1102,2024-04-29,10:52:30,2024-04-29,11:08:14,15.74,LGU+,서울 서초,수원 영통,,
도하린074,010-8074-1074,전성호004,010-8004-1004,2024-03-17,12:48:41,2024-03-17,12:51:00,2.33,SKT,부산 해운대,대구 수성,,
배성호,010-1232-1112,고은비037,010-8037-1037,2024-05-28,18:17:54,2024-05-28,18:27:39,9.75,LGU+,서울 서초,서울 영등포,,
고은비005,010-8005-1005,류하준002,010-8002-1002,2024-02-11,08:44:45,2024-02-11,08:47:27,2.7,SKT,수원 영통,서울 강남,,
고은비021,010-8021-1021,전성호068,010-8068-1068,2024-02-26,19:39:21,2024-02-26,19:39:43,0.37,LGU+,서울 강남,서울 강남,,
고은비005,010-8005-1005,장도윤079,010-8079-1079,2024-06-08,02:00:08,2024-06-08,02:11:53,11.76,KT,수원 영통,서울 서초,,
양준석006,010-8006-1006,류하준018,010-8018-1018,2024-05-22,04:12:18,2024-05-22,04:24:46,12.48,KT,부산 해운대,서울 강남,,
고은비005,010-8005-1005,양준석006,010-8006-1006,2024-09-27,06:25:38,2024-09-27,06:42:59,17.35,LGU+,서울 영등포,부산 해운대,,
신소희,010-1265-1115,노시우073,010-8073-1073,2024-06-08,19:47:33,2024-06-08,19:55:45,8.21,SKT,수원 영통,서울 영등포,,
도하린074,010-8074-1074,송우진001,010-8001-1001,2024-08-09,20:04:52,2024-08-09,20:16:11,11.33,LGU+,수원 영통,수원 영통,,
고은비037,010-8037-1037,노시우057,010-8057-1057,2024-02-14,20:21:55,2024-02-14,20:29:28,7.56,KT,부산 해운대,수원 영통,,
임수빈,010-1221-1011,정하늘,010-1144-1004,2024-03-07,11:32:35,2024-03-07,11:35:23,2.81,SKT,수원 영통,서울 서초,,
양준석006,010-8006-1006,송우진001,010-8001-1001,2024-08-05,05:54:11,2024-08-05,05:57:11,3.01,SKT,인천 부평,서울 영등포,,
권태영,010-1276-1116,유태경040,010-8040-1040,2024-04-23,20:36:06,2024-04-23,20:53:01,16.92,SKT,대전 유성,서울 서초,,
장도윤031,010-8031-1031,고은비005,010-8005-1005,2024-07-21,04:13:17,2024-07-21,04:30:35,17.31,LGU+,서울 강남,부산 해운대,,
송우진049,010-8049-1049,남지연000,010-8000-1000,2024-01-09,09:52:00,2024-01-09,10:08:15,16.25,KT,서울 서초,서울 영등포,,
전성호052,010-8052-1052,송우진033,010-8033-1033,2024-10-06,14:46:49,2024-10-06,15:04:06,17.29,KT,수원 영통,대전 유성,,
서유진,010-1199-1009,마준호059,010-8059-1059,2024-01-30,17:26:26,2024-01-30,17:36:54,10.47,SKT,대구 수성,부산 해운대,,
고은비037,010-8037-1037,류하준018,010-8018-1018,2024-05-22,05:14:26,2024-05-22,05:20:44,6.3,LGU+,서울 서초,부산 해운대,,
양준석070,010-8070-1070,류하준066,010-8066-1066,2024-05-29,23:45:25,2024-05-29,23:54:07,8.71,LGU+,서울 서초,서울 강남,,
조현우,010-1210-1010,도하린026,010-8026-1026,2024-02-04,03:38:02,2024-02-04,03:46:37,8.59,LGU+,서울 강남,부산 해운대,,
차미래071,010-8071-1071,도하린074,010-8074-1074,2024-07-27,04:48:40,2024-07-27,05:04:38,15.97,LGU+,대전 유성,부산 해운대,,
문재혁,010-1254-1014,윤다은,010-1166-1006,2024-02-16,02:05:27,2024-02-16,02:05:46,0.33,LGU+,대전 유성,서울 영등포,,
최지훈,010-1133-1203,신소희,010-1265-1215,2024-08-12,01:08:04,2024-08-12,01:13:04,5.01,LGU+,대전 유성,대전 유성,,
류하준018,010-8018-1018,안채원062,010-8062-1062,2024-08-04,04:59:54,2024-08-04,05:09:33,9.65,SKT,인천 부평,인천 부평,,
강민재,010-1188-1108,설진우013,010-8013-1013,2024-06-09,11:56:19,2024-06-09,11:59:38,3.33,SKT,서울 영등포,서울 서초,,
양준석070,010-8070-1070,설진우061,010-8061-1061,2024-07-23,17:32:29,2024-07-23,17:45:33,13.07,KT,서울 영등포,대전 유성,,
전성호052,010-8052-1052,안채원046,010-8046-1046,2024-09-15,02:58:23,2024-09-15,02:59:26,1.05,LGU+,부산 해운대,수원 영통,,
전성호004,010-8004-1004,설진우013,010-8013-1013,2024-05-18,22:58:50,2024-05-18,22:59:12,0.37,SKT,인천 부평,수원 영통,,
안채원014,010-8014-1014,안채원030,010-8030-1030,2024-06-23,04:02:23,2024-06-23,04:09:58,7.59,SKT,서울 강남,대구 수성,,
배성호,010-1232-1212,윤다은,010-1166-1206,2024-08-17,11:32:37,2024-08-17,11:32:57,0.34,LGU+,부산 해운대,서울 강남,,
남지연000,010-8000-1000,유태경024,010-8024-1024,2024-08-21,19:02:35,2024-08-21,19:13:37,11.04,LGU+,인천 부평,부산 해운대,,
노시우025,010-8025-1025,황미경019,010-8019-1019,2024-02-28,08:44:50,2024-02-28,08:55:50,11.0,LGU+,수원 영통,대전 유성,,
마준호059,010-8059-1059,송우진049,010-8049-1049,2024-08-09,02:38:18,2024-08-09,02:45:19,7.03,LGU+,수원 영통,서울 강남,,
노시우025,010-8025-1025,장도윤031,010-8031-1031,2024-06-21,11:30:48,2024-06-21,11:35:54,5.1,KT,수원 영통,부산 해운대,,
장도윤063,010-8063-1063,차미래023,010-8023-1023,2024-01-05,17:18:43,2024-01-05,17:22:50,4.13,LGU+,서울 영등포,인천 부평,,
전성호036,010-8036-1036,안채원078,010-8078-1078,2024-07-05,13:54:55,2024-07-05,13:56:17,1.37,SKT,서울 강남,서울 서초,,
강민재,010-1188-1208,고은비037,010-8037-1037,2024-07-07,19:14:14,2024-07-07,19:31:30,17.28,KT,서울 영등포,수원 영통,,
이영희,010-1111-1201,박민수,010-1122-1202,2024-07-21,04:42:41,2024-07-21,04:43:16,0.59,KT,서울 서초,서울 강남,,
고은비005,010-8005-1005,송우진049,010-8049-1049,2024-04-15,06:48:36,2024-04-15,07:02:06,13.51,KT,부산 해운대,인천 부평,,
류하준050,010-8050-1050,장도윤047,010-8047-1047,2024-02-14,22:05:45,2024-02-14,22:07:02,1.29,SKT,인천 부평,서울 강남,,
박민수,010-1122-1102,배성호,010-1232-1112,2024-03-29,19:09:48,2024-03-29,19:23:42,13.91,SKT,서울 영등포,수원 영통,,
권태영,010-1276-1116,황미경051,010-8051-1051,2024-06-18,13:06:00,2024-06-18,13:08:40,2.68,SKT,부산 해운대,수원 영통,,
남지연064,010-8064-1064,김철수,010-1100-1100,2024-08-28,08:08:20,2024-08-28,08:20:29,12.16,KT,서울 서초,수원 영통,,
설진우061,010-8061-1061,장도윤031,010-8031-1031,2024-09-23,10:49:47,2024-09-23,11:07:06,17.32,LGU+,대구 수성,인천 부평,,
남지연032,010-8032-1032,설진우045,010-8045-1045,2024-04-23,00:35:56,2024-04-23,00:46:06,10.17,LGU+,부산 해운대,서울 강남,,
도하린042,010-8042-1042,전성호004,010-8004-1004,2024-05-05,11:20:44,2024-05-05,11:21:13,0.49,SKT,서울 강남,대구 수성,,
노시우041,010-8041-1041,황미경035,010-8035-1035,2024-03-25,12:53:44,2024-03-25,12:59:46,6.04,KT,부산 해운대,부산 해운대,,
마준호059,010-8059-1059,황미경051,010-8051-1051,2024-04-20,14:27:11,2024-04-20,14:38:34,11.39,KT,인천 부평,대전 유성,,
전성호036,010-8036-1036,고은비069,010-8069-1069,2024-09-14,02:14:01,2024-09-14,02:15:11,1.17,SKT,대구 수성,서울 서초,,
송우진033,010-8033-1033,노시우073,010-8073-1073,2024-05-29,13:05:14,2024-05-29,13:22:40,17.44,LGU+,인천 부평,수원 영통,,
홍예린,010-1243-1013,장도윤063,010-8063-1063,2024-03-20,11:43:45,2024-03-20,11:55:14,11.49,SKT,인천 부평,서울 서초,,
안채원014,010-8014-1014,유태경056,010-8056-1056,2024-04-11,03:34:37,2024-04-11,03:35:05,0.48,KT,인천 부평,서울 강남,,
도하린010,010-8010-1010,고은비069,010-8069-1069,2024-03-06,16:10:17,2024-03-06,16:19:26,9.16,LGU+,부산 해운대,서울 강남,,
황미경051,010-8051-1051,설진우013,010-8013-1013,2024-07-01,20:13:01,2024-07-01,20:29:30,16.49,KT,대구 수성,인천 부평,,
전성호036,010-8036-1036,류하준018,010-8018-1018,2024-07-03,10:26:57,2024-07-03,10:28:00,1.05,KT,인천 부평,서울 강남,,
양준석006,010-8006-1006,도하린058,010-8058-1058,2024-03-10,08:54:55,2024-03-10,08:55:43,0.81,SKT,서울 영등포,대전 유성,,
변서연012,010-8012-1012,류하준066,010-8066-1066,2024-06-11,02:42:38,2024-06-11,02:53:04,10.44,KT,인천 부평,대전 유성,,
안채원030,010-8030-1030,노시우073,010-8073-1073,2024-09-07,08:20:49,2024-09-07,08:34:14,13.42,SKT,서울 서초,인천 부평,,
노시우073,010-8073-1073,도하린058,010-8058-1058,2024-05-28,19:13:02,2024-05-28,19:13:39,0.63,KT,서울 강남,부산 해운대,,
변서연076,010-8076-1076,황미경051,010-8051-1051,2024-05-28,21:32:01,2024-05-28,21:46:52,14.86,SKT,대구 수성,인천 부평,,
전성호020,010-8020-1020,고은비053,010-8053-1053,2024-03-28,21:49:36,2024-03-28,22:03:38,14.04,SKT,서울 강남,수원 영통,,
마준호011,010-8011-1011,박민수,010-1122-1102,2024-06-30,16:38:49,2024-06-30,16:39:13,0.4,LGU+,서울 강남,대전 유성,,
남지연048,010-8048-1048,도하린026,010-8026-1026,2024-02-04,22:13:21,2024-02-04,22:13:49,0.47,LGU+,대구 수성,수원 영통,,
안채원030,010-8030-1030,안채원078,010-8078-1078,2024-05-08,19:34:47,2024-05-08,19:35:48,1.02,SKT,서울 강남,수원 영통,,
양준석070,010-8070-1070,노시우041,010-8041-1041,2024-04-01,23:51:21,2024-04-01,23:52:00,0.65,LGU+,부산 해운대,인천 부평,,
류하준018,010-8018-1018,장도윤063,010-8063-1063,2024-07-24,20:12:46,2024-07-24,20:14:44,1.97,LGU+,부산 해운대,부산 해운대,,
마준호027,010-8027-1027,안채원062,010-8062-1062,2024-09-16,02:05:36,2024-09-16,02:20:52,15.27,SKT,서울 강남,대구 수성,,
박민수,010-1122-1002,이영희,010-1111-1001,2024-01-27,02:40:27,2024-01-27,02:41:43,1.28,SKT,서울 강남,대전 유성,,
고은비053,010-8053-1053,남지연032,010-8032-1032,2024-02-29,21:35:04,2024-02-29,21:41:49,6.75,KT,서울 영등포,부산 해운대,,
이영희,010-1111-1101,최지훈,010-1133-1103,2024-04-11,04:01:02,2024-04-11,04:01:33,0.52,KT,서울 서초,수원 영통,,
마준호059,010-8059-1059,유태경072,010-8072-1072,2024-04-16,04:52:26,2024-04-16,05:06:36,14.18,KT,인천 부평,부산 해운대,,
장도윤015,010-8015-1015,변서연044,010-8044-1044,2024-01-25,02:45:15,2024-01-25,02:45:33,0.31,KT,부산 해운대,대전 유성,,
설진우013,010-8013-1013,양준석022,010-8022-1022,2024-04-17,07:29:09,2024-04-17,07:42:06,12.95,SKT,서울 서초,서울 강남,,
양준석070,010-8070-1070,황미경035,010-8035-1035,2024-09-06,19:46:31,2024-09-06,19:47:16,0.76,SKT,수원 영통,서울 강남,,
황미경051,010-8051-1051,장도윤031,010-8031-1031,2024-06-17,07:19:35,2024-06-17,07:19:54,0.32,SKT,대전 유성,서울 강남,,
황미경019,010-8019-1019,고은비053,010-8053-1053,2024-07-26,00:08:12,2024-07-26,00:15:12,7.01,SKT,대전 유성,대전 유성,,
안채원062,010-8062-1062,윤다은,010-1166-1106,2024-03-31,09:35:30,2024-03-31,09:52:30,17.01,SKT,부산 해운대,서울 강남,,
이영희,010-1111-1001,윤다은,010-1166-1006,2024-03-08,09:28:56,2024-03-08,09:30:02,1.11,SKT,서울 강남,부산 해운대,,
설진우013,010-8013-1013,황미경035,010-8035-1035,2024-05-21,08:40:32,2024-05-21,08:47:07,6.59,LGU+,인천 부평,대전 유성,,
류하준066,010-8066-1066,류하준002,010-8002-1002,2024-07-29,07:42:09,2024-07-29,07:42:48,0.66,SKT,부산 해운대,대구 수성,,
강민재,010-1188-1008,양준석006,010-8006-1006,2024-01-04,13:08:53,2024-01-04,13:20:36,11.72,SKT,서울 영등포,서울 강남,,
최지훈,010-1133-1003,홍예린,010-1243-1013,2024-01-23,06:56:02,2024-01-23,07:02:24,6.37,KT,대구 수성,수원 영통,,
차미래023,010-8023-1023,류하준050,010-8050-1050,2024-04-27,03:30:23,2024-04-27,03:35:20,4.95,KT,서울 영등포,대구 수성,,
류하준066,010-8066-1066,황미경019,010-8019-1019,2024-04-29,00:08:01,2024-04-29,00:11:18,3.29,KT,서울 서초,부산 해운대,,
장도윤063,010-8063-1063,마준호027,010-8027-1027,2024-06-09,13:55:15,2024-06-09,13:57:51,2.61,KT,부산 해운대,서울 서초,,
유태경056,010-8056-1056,오세진,010-1155-1105,2024-05-23,22:18:46,2024-05-23,22:27:55,9.15,KT,서울 강남,인천 부평,,
전성호020,010-8020-1020,송우진001,010-8001-1001,2024-09-11,03:08:46,2024-09-11,03:09:49,1.06,SKT,인천 부평,서울 서초,,
안채원014,010-8014-1014,유태경056,010-8056-1056,2024-04-09,18:51:40,2024-04-09,19:03:07,11.45,KT,서울 강남,인천 부평,,
황미경019,010-8019-1019,고은비069,010-8069-1069,2024-06-04,23:00:13,2024-06-04,23:12:56,12.73,LGU+,서울 서초,서울 강남,,
설진우077,010-8077-1077,송우진001,010-8001-1001,2024-02-27,11:12:32,2024-02-27,11:27:34,15.04,KT,서울 강남,서울 영등포,,
차미래071,010-8071-1071,양준석022,010-8022-1022,2024-03-09,17:21:21,2024-03-09,17:22:42,1.35,KT,부산 해운대,대전 유성,,
노시우073,010-8073-1073,안채원046,010-8046-1046,2024-04-05,15:18:46,2024-04-05,15:31:15,12.49,SKT,수원 영통,서울 영등포,,
전성호068,010-8068-1068,변서연044,010-8044-1044,2024-01-30,22:37:16,2024-01-30,22:52:09,14.89,SKT,수원 영통,수원 영통,,
최지훈,010-1133-1003,이영희,010-1111-1101,2024-03-30,19:36:19,2024-03-30,19:37:02,0.73,SKT,인천 부평,인천 부평,,
배성호,010-1232-1112,남지연016,010-8016-1016,2024-06-08,05:36:27,2024-06-08,05:48:59,12.54,KT,서울 영등포,부산 해운대,,
배성호,010-1232-1212,류하준050,010-8050-1050,2024-08-25,21:37:44,2024-08-25,21:47:14,9.51,KT,서울 강남,수원 영통,,
마준호059,010-8059-1059,변서연060,010-8060-1060,2024-02-01,23:56:12,2024-02-01,23:57:04,0.88,LGU+,인천 부평,부산 해운대,,
차미래023,010-8023-1023,마준호059,010-8059-1059,2024-07-17,17:41:46,2024-07-17,17:42:01,0.26,LGU+,서울 서초,수원 영통,,
도하린074,010-8074-1074,안채원078,010-8078-1078,2024-08-13,14:36:55,2024-08-13,14:37:47,0.88,KT,대구 수성,서울 강남,,
이영희,010-1111-1101,정하늘,010-1144-1104,2024-05-11,11:10:38,2024-05-11,11:11:37,0.99,LGU+,서울 서초,서울 영등포,,
류하준002,010-8002-1002,도하린010,010-8010-1010,2024-06-06,13:50:17,2024-06-06,14:05:57,15.67,LGU+,서울 강남,부산 해운대,,
장도윤031,010-8031-1031,고은비037,010-8037-1037,2024-02-12,12:51:16,2024-02-12,12:51:47,0.53,LGU+,대구 수성,서울 서초,,
설진우045,010-8045-1045,황미경019,010-8019-1019,2024-10-05,13:00:24,2024-10-05,13:02:31,2.13,SKT,대구 수성,대전 유성,,
남지연032,010-8032-1032,송우진001,010-8001-1001,2024-07-28,03:17:41,2024-07-28,03:28:41,11.01,KT,부산 해운대,서울 서초,,
류하준066,010-8066-1066,도하린026,010-8026-1026,2024-08-05,17:47:11,2024-08-05,17:59:46,12.59,KT,인천 부평,인천 부평,,
차미래071,010-8071-1071,안채원030,010-8030-1030,2024-03-01,10:57:52,2024-03-01,11:14:08,16.27,LGU+,서울 서초,서울 강남,,
설진우077,010-8077-1077,설진우013,010-8013-1013,2024-05-08,09:48:10,2024-05-08,09:50:16,2.1,SKT,수원 영통,대전 유성,,
유태경040,010-8040-1040,차미래039,010-8039-1039,2024-03-09,09:53:20,2024-03-09,10:11:09,17.83,LGU+,서울 강남,서울 영등포,,
설진우061,010-8061-1061,노시우025,010-8025-1025,2024-04-05,00:59:39,2024-04-05,01:08:19,8.68,KT,서울 서초,서울 서초,,
홍예린,010-1243-1213,설진우045,010-8045-1045,2024-09-02,17:50:31,2024-09-02,17:57:22,6.85,LGU+,대전 유성,대구 수성,,
배성호,010-1232-1012,윤다은,010-1166-1006,2024-03-15,04:34:16,2024-03-15,04:35:30,1.24,SKT,서울 강남,서울 영등포,,
노시우073,010-8073-1073,류하준002,010-8002-1002,2024-04-08,05:52:10,2024-04-08,05:57:08,4.98,SKT,서울 영등포,부산 해운대,,
설진우029,010-8029-1029,장도윤031,010-8031-1031,2024-09-01,14:06:34,2024-09-01,14:22:33,15.99,SKT,대전 유성,서울 서초,,
도하린042,010-8042-1042,양준석022,010-8022-1022,2024-04-26,11:58:53,2024-04-26,12:06:42,7.83,SKT,서울 영등포,부산 해운대,,
황미경019,010-8019-1019,변서연012,010-8012-1012,2024-09-15,11:26:47,2024-09-15,11:34:35,7.8,LGU+,대전 유성,인천 부평,,
장도윤079,010-8079-1079,유태경008,010-8008-1008,2024-02-07,06:53:07,2024-02-07,06:54:04,0.96,LGU+,부산 해운대,대전 유성,,
송우진033,010-8033-1033,전성호068,010-8068-1068,2024-01-06,15:47:27,2024-01-06,15:55:51,8.4,KT,부산 해운대,인천 부평,,
마준호027,010-8027-1027,안채원078,010-8078-1078,2024-03-06,20:59:53,2024-03-06,21:01:21,1.47,SKT,서울 영등포,서울 강남,,
김철수,010-1100-1000,이영희,010-1111-1101,2024-04-19,12:57:03,2024-04-19,13:00:51,3.8,SKT,대구 수성,인천 부평,,
송우진001,010-8001-1001,유태경024,010-8024-1024,2024-08-06,18:46:19,2024-08-06,18:46:59,0.68,KT,인천 부평,부산 해운대,,
안채원046,010-8046-1046,노시우025,010-8025-1025,2024-04-12,22:11:08,2024-04-12,22:26:22,15.24,LGU+,서울 서초,인천 부평,,
송우진017,010-8017-1017,변서연076,010-8076-1076,2024-01-30,21:49:30,2024-01-30,22:07:24,17.91,SKT,대구 수성,서울 강남,,
홍예린,010-1243-1013,윤다은,010-1166-1006,2024-02-01,12:17:12,2024-02-01,12:18:39,1.46,KT,서울 서초,부산 해운대,,
고은비005,010-8005-1005,류하준050,010-8050-1050,2024-06-24,13:35:57,2024-06-24,13:52:45,16.8,KT,서울 영등포,인천 부평,,
변서연012,010-8012-1012,황미경051,010-8051-1051,2024-02-06,20:53:18,2024-02-06,21:09:26,16.15,SKT,부산 해운대,인천 부평,,
임수빈,010-1221-1111,노시우073,010-8073-1073,2024-06-29,17:04:41,2024-06-29,17:06:31,1.84,SKT,대전 유성,부산 해운대,,
노시우073,010-8073-1073,노시우025,010-8025-1025,2024-09-20,04:51:09,2024-09-20,04:51:38,0.49,SKT,서울 서초,대구 수성,,
유태경040,010-8040-1040,안채원062,010-8062-1062,2024-01-09,06:27:49,2024-01-09,06:28:50,1.03,SKT,수원 영통,서울 영등포,,
전성호052,010-8052-1052,유태경024,010-8024-1024,2024-05-17,19:30:02,2024-05-17,19:30:54,0.88,SKT,대전 유성,부산 해운대,,
도하린042,010-8042-1042,변서연076,010-8076-1076,2024-01-24,12:30:48,2024-01-24,12:35:17,4.49,KT,부산 해운대,인천 부평,,
송우진033,010-8033-1033,양준석054,010-8054-1054,2024-06-07,06:56:41,2024-06-07,07:10:12,13.52,KT,대구 수성,서울 강남,,
권태영,010-1276-1216,유태경072,010-8072-1072,2024-10-02,18:48:34,2024-10-02,18:49:35,1.02,LGU+,서울 강남,대구 수성,,
양준석006,010-8006-1006,류하준034,010-8034-1034,2024-04-22,10:40:52,2024-04-22,10:42:38,1.78,KT,대구 수성,부산 해운대,,
윤다은,010-1166-1006,이영희,010-1111-1101,2024-03-19,15:59:45,2024-03-19,16:00:19,0.58,LGU+,인천 부평,대구 수성,,
황미경051,010-8051-1051,송우진049,010-8049-1049,2024-01-19,03:03:29,2024-01-19,03:14:26,10.96,SKT,수원 영통,서울 영등포,,
안채원078,010-8078-1078,장도윤063,010-8063-1063,2024-10-06,17:05:33,2024-10-06,17:09:02,3.49,SKT,서울 강남,대구 수성,,
송우진065,010-8065-1065,류하준066,010-8066-1066,2024-08-22,18:23:28,2024-08-22,18:23:53,0.42,KT,수원 영통,대전 유성,,
마준호075,010-8075-1075,황미경051,010-8051-1051,2024-08-11,08:11:10,2024-08-11,08:14:34,3.4,KT,대전 유성,서울 서초,,
정하늘,010-1144-1104,서유진,010-1199-1109,2024-05-20,04:40:19,2024-05-20,04:51:46,11.45,SKT,서울 영등포,서울 영등포,,
고은비069,010-8069-1069,남지연032,010-8032-1032,2024-07-29,07:26:53,2024-07-29,07:28:02,1.15,LGU+,서울 서초,수원 영통,,
안채원046,010-8046-1046,송우진033,010-8033-1033,2024-01-28,17:13:52,2024-01-28,17:14:46,0.9,KT,서울 서초,수원 영통,,
양준석054,010-8054-1054,양준석022,010-8022-1022,2024-04-02,03:38:00,2024-04-02,03:38:37,0.63,SKT,인천 부평,수원 영통,,
남지연000,010-8000-1000,류하준002,010-8002-1002,2024-03-24,22:15:05,2024-03-24,22:16:15,1.18,KT,대전 유성,서울 서초,,
유태경056,010-8056-1056,황미경051,010-8051-1051,2024-07-13,18:52:07,2024-07-13,18:52:26,0.32,SKT,서울 서초,서울 영등포,,
이영희,010-1111-1101,오세진,010-1155-1005,2024-03-21,00:26:28,2024-03-21,00:27:34,1.1,KT,인천 부평,서울 강남,,
정하늘,010-1144-1004,차미래055,010-8055-1055,2024-01-11,20:52:58,2024-01-11,21:02:04,9.1,LGU+,대구 수성,인천 부평,,
노시우025,010-8025-1025,안채원014,010-8014-1014,2024-01-11,01:14:56,2024-01-11,01:23:16,8.34,KT,서울 강남,서울 영등포,,
문재혁,010-1254-1014,윤다은,010-1166-1006,2024-01-31,18:35:35,2024-01-31,18:36:12,0.63,SKT,대구 수성,대전 유성,,
설진우029,010-8029-1029,양준석006,010-8006-1006,2024-04-22,20:28:26,2024-04-22,20:36:39,8.22,SKT,대구 수성,대구 수성,,
안채원030,010-8030-1030,설진우077,010-8077-1077,2024-06-02,04:02:29,2024-06-02,04:03:12,0.73,LGU+,부산 해운대,대구 수성,,
고은비053,010-8053-1053,안채원062,010-8062-1062,2024-07-27,04:55:26,2024-07-27,04:59:29,4.06,KT,대구 수성,서울 강남,,
류하준066,010-8066-1066,송우진033,010-8033-1033,2024-03-21,09:54:13,2024-03-21,10:07:10,12.95,LGU+,서울 서초,부산 해운대,,
유태경040,010-8040-1040,고은비037,010-8037-1037,2024-09-01,22:42:30,2024-09-01,22:48:46,6.28,SKT,대전 유성,서울 서초,,
임수빈,010-1221-1011,차미래023,010-8023-1023,2024-01-14,10:38:14,2024-01-14,10:39:44,1.5,KT,서울 강남,수원 영통,,
고은비021,010-8021-1021,설진우061,010-8061-1061,2024-08-28,14:58:47,2024-08-28,15:15:56,17.15,SKT,서울 서초,인천 부평,,
양준석006,010-8006-1006,류하준034,010-8034-1034,2024-04-15,08:26:43,2024-04-15,08:27:49,1.1,LGU+,대전 유성,인천 부평,,
변서연028,010-8028-1028,류하준034,010-8034-1034,2024-10-05,01:04:57,2024-10-05,01:22:45,17.81,LGU+,수원 영통,대구 수성,,
장도윤047,010-8047-1047,설진우045,010-8045-1045,2024-06-07,00:46:28,2024-06-07,00:57:19,10.85,LGU+,서울 영등포,부산 해운대,,
문재혁,010-1254-1114,도하린026,010-8026-1026,2024-06-19,09:58:00,2024-06-19,10:02:36,4.6,SKT,서울 서초,수원 영통,,
송우진065,010-8065-1065,류하준034,010-8034-1034,2024-03-05,21:37:49,2024-03-05,21:41:40,3.86,KT,부산 해운대,대전 유성,,
양준석022,010-8022-1022,도하린010,010-8010-1010,2024-04-24,00:24:14,2024-04-24,00:38:05,13.85,KT,서울 강남,부산 해운대,,
고은비037,010-8037-1037,전성호068,010-8068-1068,2024-04-25,12:53:48,2024-04-25,12:57:07,3.33,LGU+,서울 강남,인천 부평,,
류하준034,010-8034-1034,류하준002,010-8002-1002,2024-07-06,04:10:59,2024-07-06,04:12:15,1.27,KT,서울 영등포,대구 수성,,
마준호043,010-8043-1043,마준호027,010-8027-1027,2024-04-03,11:51:41,2024-04-03,12:04:21,12.67,LGU+,인천 부평,수원 영통,,
장도윤047,010-8047-1047,송우진065,010-8065-1065,2024-05-01,20:34:25,2024-05-01,20:51:07,16.71,SKT,부산 해운대,서울 강남,,
류하준034,010-8034-1034,양준석022,010-8022-1022,2024-08-19,10:07:32,2024-08-19,10:08:44,1.2,LGU+,수원 영통,서울 서초,,
전성호036,010-8036-1036,황미경003,010-8003-1003,2024-06-16,15:56:50,2024-06-16,16:09:34,12.74,LGU+,인천 부평,인천 부평,,
신소희,010-1265-1015,장도윤063,010-8063-1063,2024-01-25,11:41:42,2024-01-25,11:49:10,7.48,LGU+,대전 유성,대구 수성,,
남지연032,010-8032-1032,차미래071,010-8071-1071,2024-09-06,07:17:38,2024-09-06,07:28:35,10.96,SKT,서울 서초,서울 강남,,
차미래071,010-8071-1071,유태경024,010-8024-1024,2024-04-01,23:00:12,2024-04-01,23:08:43,8.52,LGU+,부산 해운대,서울 강남,,
홍예린,010-1243-1113,윤다은,010-1166-1106,2024-04-16,18:13:52,2024-04-16,18:15:11,1.33,KT,서울 영등포,서울 강남,,
도하린042,010-8042-1042,양준석038,010-8038-1038,2024-03-20,01:13:20,2024-03-20,01:17:41,4.36,KT,서울 강남,수원 영통,,
송우진065,010-8065-1065,고은비005,010-8005-1005,2024-02-22,07:03:29,2024-02-22,07:16:35,13.11,KT,서울 서초,서울 강남,,
장도윤015,010-8015-1015,양준석038,010-8038-1038,2024-04-04,07:53:54,2024-04-04,08:04:11,10.29,LGU+,수원 영통,서울 서초,,
마준호059,010-8059-1059,양준석070,010-8070-1070,2024-07-27,04:40:15,2024-07-27,04:53:33,13.31,LGU+,서울 서초,대구 수성,,
유태경008,010-8008-1008,마준호059,010-8059-1059,2024-04-19,23:23:28,2024-04-19,23:28:49,5.35,SKT,대전 유성,서울 영등포,,
차미래023,010-8023-1023,마준호027,010-8027-1027,2024-07-19,15:09:17,2024-07-19,15:09:55,0.64,SKT,수원 영통,대구 수성,,
박민수,010-1122-1102,이영희,010-1111-1201,2024-05-22,11:41:32,2024-05-22,11:42:15,0.72,LGU+,대전 유성,서울 강남,,
권태영,010-1276-1116,변서연012,010-8012-1012,2024-06-21,09:20:08,2024-06-21,09:37:43,17.59,LGU+,대구 수성,수원 영통,,
송우진049,010-8049-1049,변서연028,010-8028-1028,2024-09-17,20:59:09,2024-09-17,21:02:01,2.87,LGU+,대전 유성,인천 부평,,
설진우013,010-8013-1013,장도윤031,010-8031-1031,2024-06-05,03:00:04,2024-06-05,03:04:17,4.23,LGU+,서울 영등포,부산 해운대,,
차미래023,010-8023-1023,유태경024,010-8024-1024,2024-09-14,13:55:21,2024-09-14,13:56:49,1.47,LGU+,대전 유성,서울 강남,,
최지훈,010-1133-1203,마준호027,010-8027-1027,2024-10-02,20:14:07,2024-10-02,20:17:16,3.15,KT,인천 부평,서울 서초,,
송우진017,010-8017-1017,전성호068,010-8068-1068,2024-05-17,12:53:55,2024-05-17,12:58:41,4.78,SKT,서울 서초,대전 유성,,
이영희,010-1111-1101,정하늘,010-1144-1004,2024-04-07,02:15:46,2024-04-07,02:16:29,0.73,LGU+,부산 해운대,수원 영통,,
고은비053,010-8053-1053,류하준002,010-8002-1002,2024-06-01,20:02:38,2024-06-01,20:05:32,2.9,LGU+,서울 강남,대구 수성,,
차미래039,010-8039-1039,차미래071,010-8071-1071,2024-04-26,16:38:14,2024-04-26,16:44:46,6.54,LGU+,대전 유성,부산 해운대,,
고은비005,010-8005-1005,송우진033,010-8033-1033,2024-09-07,19:51:43,2024-09-07,20:07:45,16.04,LGU+,수원 영통,대전 유성,,
변서연060,010-8060-1060,황미경051,010-8051-1051,2024-01-08,17:02:33,2024-01-08,17:05:49,3.27,SKT,부산 해운대,서울 서초,,
서유진,010-1199-1109,오세진,010-1155-1105,2024-05-11,15:51:18,2024-05-11,15:52:28,1.17,KT,서울 서초,수원 영통,,
차미래007,010-8007-1007,남지연000,010-8000-1000,2024-04-10,23:10:34,2024-04-10,23:17:17,6.72,LGU+,대구 수성,부산 해운대,,
정하늘,010-1144-1104,신소희,010-1265-1115,2024-05-27,02:24:32,2024-05-27,02:33:11,8.66,LGU+,인천 부평,서울 서초,,
양준석070,010-8070-1070,도하린074,010-8074-1074,2024-04-22,05:51:52,2024-04-22,05:59:23,7.52,LGU+,서울 강남,서울 영등포,,
남지연016,010-8016-1016,안채원046,010-8046-1046,2024-07-18,09:34:18,2024-07-18,09:46:56,12.64,KT,대전 유성,부산 해운대,,
설진우045,010-8045-1045,홍예린,010-1243-1113,2024-05-29,19:53:33,2024-05-29,19:53:50,0.29,LGU+,인천 부평,서울 영등포,,
김철수,010-1100-1100,이영희,010-1111-1301,2024-08-30,07:50:30,2024-08-30,08:05:13,14.73,SKT,서울 서초,서울 서초,,
권태영,010-1276-1016,윤다은,010-1166-1006,2024-01-13,19:56:35,2024-01-13,19:57:12,0.63,LGU+,부산 해운대,서울 서초,,
차미래023,010-8023-1023,남지연048,010-8048-1048,2024-01-12,04:51:48,2024-01-12,04:54:37,2.82,SKT,서울 영등포,대전 유성,,
송우진017,010-8017-1017,송우진001,010-8001-1001,2024-06-13,09:15:28,2024-06-13,09:16:18,0.84,KT,대구 수성,서울 서초,,
도하린042,010-8042-1042,류하준018,010-8018-1018,2024-03-12,07:32:38,2024-03-12,07:33:28,0.84,KT,부산 해운대,서울 영등포,,
설진우045,010-8045-1045,차미래007,010-8007-1007,2024-01-22,11:03:58,2024-01-22,11:21:40,17.7,KT,서울 서초,서울 서초,,
이영희,010-1111-1201,김철수,010-1100-1100,2024-06-30,13:26:29,2024-06-30,13:42:10,15.69,SKT,서울 서초,서울 강남,,
유태경072,010-8072-1072,도하린074,010-8074-1074,2024-05-28,09:36:11,2024-05-28,09:53:04,16.89,LGU+,수원 영통,인천 부평,,
오세진,010-1155-1205,이영희,010-1111-1301,2024-09-08,14:50:01,2024-09-08,14:50:20,0.32,SKT,대구 수성,부산 해운대,,
전성호036,010-8036-1036,차미래039,010-8039-1039,2024-07-10,07:01:00,2024-07-10,07:08:40,7.67,KT,대구 수성,서울 영등포,,
설진우013,010-8013-1013,남지연016,010-8016-1016,2024-01-14,21:33:53,2024-01-14,21:34:52,0.99,SKT,수원 영통,부산 해운대,,
양준석070,010-8070-1070,양준석006,010-8006-1006,2024-07-06,20:01:58,2024-07-06,20:06:53,4.92,SKT,서울 강남,서울 강남,,
차미래039,010-8039-1039,황미경003,010-8003-1003,2024-08-15,13:15:58,2024-08-15,13:26:24,10.44,LGU+,부산 해운대,서울 강남,,
변서연044,010-8044-1044,마준호011,010-8011-1011,2024-09-20,13:42:04,2024-09-20,13:43:32,1.47,KT,인천 부평,서울 강남,,
박민수,010-1122-1002,서유진,010-1199-1009,2024-01-29,00:13:19,2024-01-29,00:30:23,17.07,SKT,인천 부평,인천 부평,,
도하린058,010-8058-1058,고은비005,010-8005-1005,2024-06-10,01:26:31,2024-06-10,01:27:08,0.63,LGU+,대구 수성,부산 해운대,,
설진우013,010-8013-1013,마준호075,010-8075-1075,2024-01-08,10:52:21,2024-01-08,11:02:44,10.39,KT,수원 영통,대전 유성,,
이영희,010-1111-1101,윤다은,010-1166-1106,2024-04-06,16:23:39,2024-04-06,16:24:49,1.18,LGU+,수원 영통,서울 강남,,
전성호020,010-8020-1020,류하준050,010-8050-1050,2024-08-23,12:39:55,2024-08-23,12:51:00,11.09,SKT,인천 부평,서울 영등포,,
신소희,010-1265-1215,차미래007,010-8007-1007,2024-07-17,16:26:34,2024-07-17,16:39:14,12.68,KT,부산 해운대,수원 영통,,
설진우077,010-8077-1077,유태경024,010-8024-1024,2024-08-01,11:00:19,2024-08-01,11:12:19,12.0,KT,서울 영등포,수원 영통,,
양준석038,010-8038-1038,전성호052,010-8052-1052,2024-07-02,00:05:46,2024-07-02,00:17:53,12.13,LGU+,서울 영등포,수원 영통,,
차미래023,010-8023-1023,노시우025,010-8025-1025,2024-10-06,11:35:16,2024-10-06,11:44:23,9.12,LGU+,서울 영등포,대구 수성,,
송우진017,010-8017-1017,유태경008,010-8008-1008,2024-01-03,03:57:30,2024-01-03,03:57:45,0.26,KT,대구 수성,서울 서초,,
박민수,010-1122-1002,문재혁,010-1254-1014,2024-02-01,14:06:51,2024-02-01,14:23:08,16.29,KT,서울 서초,서울 영등포,,
설진우045,010-8045-1045,노시우073,010-8073-1073,2024-03-11,10:28:13,2024-03-11,10:34:27,6.24,LGU+,서울 영등포,대전 유성,,
안채원046,010-8046-1046,설진우077,010-8077-1077,2024-02-03,18:16:46,2024-02-03,18:32:02,15.28,KT,대전 유성,수원 영통,,
변서연044,010-8044-1044,차미래071,010-8071-1071,2024-01-31,02:07:36,2024-01-31,02:14:55,7.32,SKT,서울 영등포,수원 영통,,
안채원014,010-8014-1014,설진우029,010-8029-1029,2024-02-22,22:07:59,2024-02-22,22:13:10,5.19,LGU+,서울 강남,대전 유성,,
설진우077,010-8077-1077,설진우029,010-8029-1029,2024-07-27,23:55:22,2024-07-28,00:07:22,12.01,LGU+,서울 서초,대구 수성,,
배성호,010-1232-1112,안채원078,010-8078-1078,2024-04-13,04:21:45,2024-04-13,04:25:46,4.02,KT,서울 강남,서울 강남,,
박민수,010-1122-1202,홍예린,010-1243-1213,2024-08-28,14:40:19,2024-08-28,14:54:51,14.54,LGU+,서울 강남,대전 유성,,
송우진065,010-8065-1065,황미경035,010-8035-1035,2024-05-05,01:44:09,2024-05-05,01:58:27,14.31,LGU+,서울 서초,수원 영통,,
마준호059,010-8059-1059,송우진017,010-8017-1017,2024-03-31,10:32:30,2024-03-31,10:42:14,9.74,LGU+,인천 부평,인천 부평,,
설진우045,010-8045-1045,황미경051,010-8051-1051,2024-04-03,19:21:13,2024-04-03,19:21:53,0.68,SKT,대구 수성,부산 해운대,,
송우진065,010-8065-1065,마준호075,010-8075-1075,2024-02-28,19:28:51,2024-02-28,19:30:06,1.25,LGU+,인천 부평,서울 영등포,,
송우진017,010-8017-1017,류하준018,010-8018-1018,2024-01-14,07:56:23,2024-01-14,08:06:57,10.58,LGU+,인천 부평,인천 부평,,
홍예린,010-1243-1113,최지훈,010-1133-1103,2024-05-09,23:01:22,2024-05-09,23:15:46,14.4,KT,부산 해운대,서울 서초,,
차미래007,010-8007-1007,류하준018,010-8018-1018,2024-05-04,12:19:23,2024-05-04,12:21:10,1.79,LGU+,서울 영등포,서울 영등포,,
조현우,010-1210-1110,노시우009,010-8009-1009,2024-04-13,04:49:49,2024-04-13,05:00:45,10.94,SKT,서울 서초,서울 영등포,,
노시우057,010-8057-1057,노시우041,010-8041-1041,2024-06-12,04:48:37,2024-06-12,04:49:58,1.35,KT,수원 영통,서울 서초,,
마준호043,010-8043-1043,류하준002,010-8002-1002,2024-02-18,09:13:21,2024-02-18,09:18:12,4.86,SKT,서울 영등포,수원 영통,,
안채원062,010-8062-1062,변서연044,010-8044-1044,2024-08-12,11:48:10,2024-08-12,12:05:28,17.31,KT,서울 강남,서울 서초,,
남지연064,010-8064-1064,황미경035,010-8035-1035,2024-09-27,18:39:59,2024-09-27,18:51:23,11.41,KT,서울 강남,수원 영통,,
송우진033,010-8033-1033,유태경008,010-8008-1008,2024-09-11,06:08:33,2024-09-11,06:26:28,17.92,KT,수원 영통,서울 서초,,
노시우041,010-8041-1041,양준석054,010-8054-1054,2024-04-24,18:43:49,2024-04-24,18:44:26,0.62,KT,부산 해운대,대전 유성,,
양준석022,010-8022-1022,고은비053,010-8053-1053,2024-05-15,08:17:13,2024-05-15,08:17:50,0.62,LGU+,대구 수성,서울 영등포,,
류하준050,010-8050-1050,변서연076,010-8076-1076,2024-09-30,10:20:29,2024-09-30,10:21:03,0.57,LGU+,서울 강남,대구 수성,,
서유진,010-1199-1209,도하린010,010-8010-1010,2024-09-13,23:22:03,2024-09-13,23:24:42,2.66,SKT,서울 서초,대전 유성,,
권태영,010-1276-1016,류하준050,010-8050-1050,2024-02-28,11:22:54,2024-02-28,11:31:40,8.78,SKT,인천 부평,서울 서초,,
송우진033,010-8033-1033,유태경072,010-8072-1072,2024-08-12,17:42:54,2024-08-12,17:44:16,1.37,KT,대구 수성,수원 영통,,
안채원078,010-8078-1078,변서연012,010-8012-1012,2024-06-21,19:39:57,2024-06-21,19:43:54,3.96,LGU+,대전 유성,대전 유성,,
송우진001,010-8001-1001,변서연076,010-8076-1076,2024-08-30,18:00:31,2024-08-30,18:16:21,15.84,KT,서울 서초,서울 강남,,
류하준050,010-8050-1050,류하준034,010-8034-1034,2024-02-09,01:27:34,2024-02-09,01:28:59,1.43,SKT,수원 영통,수원 영통,,
황미경051,010-8051-1051,노시우025,010-8025-1025,2024-02-11,10:28:48,2024-02-11,10:29:07,0.32,KT,서울 강남,서울 강남,,
마준호059,010-8059-1059,송우진065,010-8065-1065,2024-02-03,10:31:38,2024-02-03,10:31:54,0.28,LGU+,인천 부평,대전 유성,,
류하준002,010-8002-1002,마준호075,010-8075-1075,2024-07-04,14:37:36,2024-07-04,14:41:41,4.09,SKT,수원 영통,대전 유성,,
유태경056,010-8056-1056,양준석022,010-8022-1022,2024-08-15,00:39:02,2024-08-15,00:55:55,16.9,SKT,인천 부평,인천 부평,,
조현우,010-1210-1210,박민수,010-1122-1202,2024-08-01,09:07:25,2024-08-01,09:08:46,1.35,KT,서울 영등포,수원 영통,,
오세진,010-1155-1005,안채원030,010-8030-1030,2024-01-20,06:42:35,2024-01-20,06:52:53,10.3,SKT,수원 영통,부산 해운대,,
마준호043,010-8043-1043,도하린042,010-8042-1042,2024-01-09,18:59:42,2024-01-09,19:02:15,2.55,LGU+,대구 수성,부산 해운대,,
변서연060,010-8060-1060,변서연028,010-8028-1028,2024-04-25,04:14:27,2024-04-25,04:22:42,8.26,LGU+,대전 유성,서울 강남,,
차미래055,010-8055-1055,마준호011,010-8011-1011,2024-09-21,12:27:51,2024-09-21,12:28:43,0.87,KT,서울 서초,서울 서초,,
송우진065,010-8065-1065,마준호075,010-8075-1075,2024-05-31,00:09:51,2024-05-31,00:25:16,15.42,SKT,부산 해운대,대구 수성,,
이영희,010-1111-1201,윤다은,010-1166-1206,2024-07-31,10:59:50,2024-07-31,11:00:41,0.86,SKT,인천 부평,인천 부평,,
이영희,010-1111-1201,김철수,010-1100-1100,2024-07-21,20:29:09,2024-07-21,20:34:39,5.5,SKT,인천 부평,대구 수성,,
유태경072,010-8072-1072,안채원014,010-8014-1014,2024-03-06,03:58:50,2024-03-06,04:16:35,17.75,LGU+,수원 영통,대전 유성,,
설진우077,010-8077-1077,고은비069,010-8069-1069,2024-10-06,00:10:08,2024-10-06,00:11:29,1.36,SKT,대전 유성,서울 강남,,
장도윤031,010-8031-1031,전성호052,010-8052-1052,2024-06-01,08:09:58,2024-06-01,08:10:26,0.48,LGU+,대구 수성,서울 강남,,
조현우,010-1210-1110,류하준066,010-8066-1066,2024-03-30,17:10:21,2024-03-30,17:20:52,10.52,KT,부산 해운대,대구 수성,,
배성호,010-1232-1112,윤다은,010-1166-1106,2024-05-15,01:08:47,2024-05-15,01:09:32,0.75,SKT,서울 서초,수원 영통,,
도하린074,010-8074-1074,노시우009,010-8009-1009,2024-04-30,17:35:09,2024-04-30,17:40:10,5.02,SKT,대전 유성,대전 유성,,
노시우041,010-8041-1041,양준석054,010-8054-1054,2024-04-04,00:55:50,2024-04-04,00:59:37,3.79,KT,대구 수성,서울 서초,,
문재혁,010-1254-1114,전성호068,010-8068-1068,2024-06-24,17:22:43,2024-06-24,17:36:50,14.12,LGU+,인천 부평,수원 영통,,
김철수,010-1100-1100,이영희,010-1111-1201,2024-07-04,09:15:03,2024-07-04,09:20:08,5.09,LGU+,서울 서초,서울 서초,,
노시우073,010-8073-1073,양준석006,010-8006-1006,2024-03-16,17:55:27,2024-03-16,18:12:10,16.72,LGU+,부산 해운대,부산 해운대,,
안채원078,010-8078-1078,차미래071,010-8071-1071,2024-08-30,23:05:34,2024-08-30,23:11:04,5.51,SKT,서울 서초,서울 영등포,,
전성호068,010-8068-1068,마준호027,010-8027-1027,2024-02-27,09:46:31,2024-02-27,10:03:27,16.94,LGU+,서울 서초,서울 서초,,
차미래039,010-8039-1039,전성호020,010-8020-1020,2024-06-08,21:39:27,2024-06-08,21:50:51,11.4,LGU+,서울 영등포,인천 부평,,
마준호011,010-8011-1011,황미경067,010-8067-1067,2024-04-23,16:17:45,2024-04-23,16:32:43,14.98,KT,서울 강남,인천 부평,,
안채원014,010-8014-1014,한지우,010-1177-1007,2024-03-05,14:11:18,2024-03-05,14:11:33,0.26,KT,부산 해운대,인천 부평,,
유태경040,010-8040-1040,차미래007,010-8007-1007,2024-02-03,13:33:34,2024-02-03,13:33:47,0.22,LGU+,서울 영등포,대전 유성,,
도하린026,010-8026-1026,차미래023,010-8023-1023,2024-07-28,13:32:09,2024-07-28,13:33:06,0.95,LGU+,부산 해운대,서울 영등포,,
정하늘,010-1144-1204,임수빈,010-1221-1211,2024-07-26,09:29:04,2024-07-26,09:41:46,12.71,SKT,수원 영통,대구 수성,,
마준호075,010-8075-1075,마준호043,010-8043-1043,2024-09-17,14:13:59,2024-09-17,14:14:32,0.56,KT,대구 수성,대구 수성,,
이영희,010-1111-1201,정하늘,010-1144-1104,2024-06-23,00:54:26,2024-06-23,00:55:42,1.27,SKT,대구 수성,대전 유성,,
안채원030,010-8030-1030,류하준050,010-8050-1050,2024-07-31,23:08:04,2024-07-31,23:18:46,10.71,SKT,대구 수성,서울 강남,,
안채원078,010-8078-1078,노시우073,010-8073-1073,2024-09-15,18:28:57,2024-09-15,18:32:26,3.49,SKT,서울 서초,수원 영통,,
남지연048,010-8048-1048,송우진049,010-8049-1049,2024-04-24,06:24:11,2024-04-24,06:36:24,12.22,LGU+,서울 강남,인천 부평,,
송우진065,010-8065-1065,양준석006,010-8006-1006,2024-04-18,05:09:07,2024-04-18,05:10:52,1.76,SKT,서울 강남,서울 영등포,,
장도윤031,010-8031-1031,안채원062,010-8062-1062,2024-07-06,21:25:20,2024-07-06,21:42:09,16.82,KT,수원 영통,대구 수성,,
도하린058,010-8058-1058,고은비053,010-8053-1053,2024-08-21,01:18:21,2024-08-21,01:18:34,0.22,LGU+,서울 서초,수원 영통,,
안채원030,010-8030-1030,노시우041,010-8041-1041,2024-01-10,03:18:22,2024-01-10,03:32:32,14.18,LGU+,대구 수성,수원 영통,,
양준석006,010-8006-1006,안채원014,010-8014-1014,2024-03-15,08:39:23,2024-03-15,08:53:21,13.98,SKT,부산 해운대,대전 유성,,
송우진001,010-8001-1001,전성호004,010-8004-1004,2024-08-14,07:44:39,2024-08-14,07:45:06,0.45,LGU+,서울 영등포,서울 강남,,
양준석070,010-8070-1070,배성호,010-1232-1112,2024-05-29,08:36:56,2024-05-29,08:50:13,13.29,SKT,부산 해운대,인천 부평,,
안채원062,010-8062-1062,양준석070,010-8070-1070,2024-07-07,19:50:22,2024-07-07,19:50:44,0.37,SKT,서울 서초,인천 부평,,
권태영,010-1276-1216,오세진,010-1155-1205,2024-08-24,20:16:29,2024-08-24,20:17:00,0.53,SKT,수원 영통,인천 부평,,
유태경040,010-8040-1040,마준호059,010-8059-1059,2024-03-07,15:20:39,2024-03-07,15:22:03,1.41,LGU+,서울 강남,서울 서초,,
양준석038,010-8038-1038,차미래055,010-8055-1055,2024-02-02,05:30:24,2024-02-02,05:30:36,0.21,KT,서울 강남,서울 영등포,,
신소희,010-1265-1115,설진우045,010-8045-1045,2024-06-06,08:23:32,2024-06-06,08:39:32,16.01,KT,서울 서초,수원 영통,,
김철수,010-1100-1100,이영희,010-1111-1201,2024-08-04,06:59:34,2024-08-04,07:13:24,13.84,LGU+,부산 해운대,인천 부평,,
류하준002,010-8002-1002,송우진017,010-8017-1017,2024-03-29,12:41:45,2024-03-29,12:49:56,8.2,KT,수원 영통,대전 유성,,
서유진,010-1199-1109,송우진017,010-8017-1017,2024-05-17,09:17:31,2024-05-17,09:20:59,3.48,SKT,대구 수성,인천 부평,,
남지연048,010-8048-1048,유태경008,010-8008-1008,2024-05-17,16:12:50,2024-05-17,16:18:52,6.04,LGU+,부산 해운대,대전 유성,,
이영희,010-1111-1301,정하늘,010-1144-1204,2024-08-11,15:01:24,2024-08-11,15:02:02,0.64,LGU+,대구 수성,서울 영등포,,
설진우061,010-8061-1061,장도윤047,010-8047-1047,2024-01-30,17:44:57,2024-01-30,17:47:49,2.88,KT,인천 부평,서울 강남,,
전성호052,010-8052-1052,장도윤079,010-8079-1079,2024-02-10,06:58:08,2024-02-10,07:13:26,15.3,LGU+,부산 해운대,인천 부평,,
황미경051,010-8051-1051,장도윤047,010-8047-1047,2024-05-15,19:20:01,2024-05-15,19:34:20,14.32,KT,서울 강남,수원 영통,,
박민수,010-1122-1002,문재혁,010-1254-1014,2024-01-22,14:58:51,2024-01-22,15:09:34,10.72,SKT,대전 유성,수원 영통,,
도하린074,010-8074-1074,마준호059,010-8059-1059,2024-02-07,04:19:33,2024-02-07,04:29:44,10.19,LGU+,수원 영통,서울 서초,,
황미경067,010-8067-1067,변서연076,010-8076-1076,2024-03-12,10:33:17,2024-03-12,10:44:39,11.38,SKT,수원 영통,부산 해운대,,
고은비037,010-8037-1037,변서연044,010-8044-1044,2024-02-20,16:31:30,2024-02-20,16:39:16,7.77,SKT,부산 해운대,대구 수성,,
고은비005,010-8005-1005,도하린058,010-8058-1058,2024-08-05,13:27:28,2024-08-05,13:28:20,0.87,LGU+,서울 강남,부산 해운대,,
류하준034,010-8034-1034,양준석070,010-8070-1070,2024-04-29,01:23:11,2024-04-29,01:40:09,16.98,KT,서울 강남,부산 해운대,,
양준석022,010-8022-1022,노시우025,010-8025-1025,2024-05-16,02:41:00,2024-05-16,02:58:39,17.65,SKT,대전 유성,부산 해운대,,
양준석022,010-8022-1022,차미래023,010-8023-1023,2024-04-02,23:26:36,2024-04-02,23:27:49,1.23,SKT,서울 서초,인천 부평,,
노시우009,010-8009-1009,유태경056,010-8056-1056,2024-06-09,10:12:37,2024-06-09,10:22:32,9.92,LGU+,서울 강남,수원 영통,,
권태영,010-1276-1116,변서연060,010-8060-1060,2024-05-18,01:59:04,2024-05-18,02:11:42,12.64,KT,서울 강남,서울 영등포,,
차미래071,010-8071-1071,류하준002,010-8002-1002,2024-02-22,18:57:08,2024-02-22,19:02:03,4.93,SKT,부산 해운대,수원 영통,,
한지우,010-1177-1007,고은비021,010-8021-1021,2024-03-11,22:16:52,2024-03-11,22:24:19,7.45,SKT,인천 부평,대전 유성,,
도하린074,010-8074-1074,류하준002,010-8002-1002,2024-03-24,05:42:51,2024-03-24,05:43:13,0.37,SKT,대전 유성,서울 강남,,
설진우077,010-8077-1077,장도윤031,010-8031-1031,2024-08-26,23:32:37,2024-08-26,23:45:37,13.01,LGU+,수원 영통,대구 수성,,
안채원062,010-8062-1062,오세진,010-1155-1205,2024-08-07,22:42:19,2024-08-07,22:49:28,7.16,LGU+,수원 영통,서울 영등포,,
남지연064,010-8064-1064,도하린058,010-8058-1058,2024-01-19,22:41:28,2024-01-19,22:44:01,2.56,SKT,부산 해운대,대구 수성,,
노시우041,010-8041-1041,마준호043,010-8043-1043,2024-05-19,02:53:38,2024-05-19,02:54:44,1.11,SKT,대전 유성,서울 서초,,
문재혁,010-1254-1114,오세진,010-1155-1105,2024-05-31,22:18:01,2024-05-31,22:19:29,1.47,LGU+,대구 수성,인천 부평,,
남지연064,010-8064-1064,송우진049,010-8049-1049,2024-01-30,06:10:03,2024-01-30,06:11:33,1.5,SKT,서울 서초,수원 영통,,
최지훈,010-1133-1003,신소희,010-1265-1015,2024-01-30,02:42:40,2024-01-30,02:50:34,7.91,LGU+,서울 영등포,서울 강남,,
차미래007,010-8007-1007,설진우013,010-8013-1013,2024-01-01,20:02:55,2024-01-01,20:13:29,10.57,KT,수원 영통,부산 해운대,,
고은비053,010-8053-1053,송우진065,010-8065-1065,2024-06-10,09:26:55,2024-06-10,09:28:23,1.48,KT,서울 서초,서울 강남,,
노시우057,010-8057-1057,양준석070,010-8070-1070,2024-04-04,01:30:51,2024-04-04,01:31:51,1.01,SKT,서울 강남,인천 부평,,
마준호027,010-8027-1027,차미래055,010-8055-1055,2024-04-05,08:32:42,2024-04-05,08:32:57,0.26,KT,서울 영등포,인천 부평,,
마준호059,010-8059-1059,류하준018,010-8018-1018,2024-07-14,17:10:38,2024-07-14,17:19:11,8.55,KT,서울 서초,인천 부평,,
유태경056,010-8056-1056,전성호036,010-8036-1036,2024-03-23,13:52:33,2024-03-23,13:53:48,1.25,SKT,서울 서초,서울 강남,,
안채원014,010-8014-1014,도하린058,010-8058-1058,2024-07-13,13:25:54,2024-07-13,13:26:13,0.33,KT,인천 부평,서울 서초,,
설진우029,010-8029-1029,유태경040,010-8040-1040,2024-08-13,18:49:13,2024-08-13,18:54:35,5.38,KT,서울 영등포,서울 서초,,
양준석038,010-8038-1038,배성호,010-1232-1212,2024-08-14,22:20:32,2024-08-14,22:21:57,1.42,LGU+,대전 유성,수원 영통,,
마준호075,010-8075-1075,설진우077,010-8077-1077,2024-08-30,06:10:00,2024-08-30,06:11:13,1.22,SKT,서울 서초,서울 영등포,,
유태경024,010-8024-1024,류하준034,010-8034-1034,2024-08-25,14:09:09,2024-08-25,14:22:41,13.54,KT,대구 수성,서울 강남,,
전성호004,010-8004-1004,변서연044,010-8044-1044,2024-01-01,00:42:54,2024-01-01,00:52:38,9.74,LGU+,대구 수성,대구 수성,,
양준석070,010-8070-1070,노시우057,010-8057-1057,2024-05-23,10:10:13,2024-05-23,10:10:53,0.67,LGU+,인천 부평,서울 영등포,,
도하린058,010-8058-1058,송우진033,010-8033-1033,2024-08-29,00:24:51,2024-08-29,00:33:22,8.52,LGU+,대전 유성,서울 서초,,
황미경067,010-8067-1067,전성호052,010-8052-1052,2024-04-09,07:38:49,2024-04-09,07:52:43,13.9,SKT,서울 영등포,서울 강남,,
전성호036,010-8036-1036,마준호075,010-8075-1075,2024-09-07,09:00:27,2024-09-07,09:01:06,0.66,SKT,서울 강남,인천 부평,,
차미래039,010-8039-1039,류하준002,010-8002-1002,2024-05-22,05:36:57,2024-05-22,05:50:28,13.52,KT,대구 수성,서울 강남,,
송우진033,010-8033-1033,도하린010,010-8010-1010,2024-06-16,05:34:48,2024-06-16,05:41:32,6.74,KT,서울 영등포,대전 유성,,
송우진065,010-8065-1065,변서연060,010-8060-1060,2024-04-01,02:48:27,2024-04-01,03:00:53,12.44,SKT,수원 영통,대전 유성,,
최지훈,010-1133-1103,이영희,010-1111-1201,2024-05-25,16:42:40,2024-05-25,16:43:40,1.01,SKT,부산 해운대,인천 부평,,
노시우041,010-8041-1041,황미경019,010-8019-1019,2024-02-06,07:49:24,2024-02-06,07:49:49,0.43,LGU+,서울 강남,인천 부평,,
황미경003,010-8003-1003,류하준050,010-8050-1050,2024-08-16,11:30:36,2024-08-16,11:33:27,2.85,KT,대전 유성,서울 영등포,,
서유진,010-1199-1009,오세진,010-1155-1005,2024-02-16,12:00:16,2024-02-16,12:01:10,0.9,KT,대전 유성,인천 부평,,
권태영,010-1276-1016,유태경024,010-8024-1024,2024-03-15,18:47:59,2024-03-15,19:03:26,15.46,LGU+,대구 수성,서울 강남,,
김철수,010-1100-1000,이영희,010-1111-1101,2024-04-21,01:37:47,2024-04-21,01:48:00,10.22,LGU+,대전 유성,서울 강남,,
차미래055,010-8055-1055,유태경040,010-8040-1040,2024-01-08,03:57:34,2024-01-08,04:00:16,2.7,KT,인천 부평,인천 부평,,
남지연032,010-8032-1032,고은비037,010-8037-1037,2024-01-13,10:27:50,2024-01-13,10:35:20,7.5,LGU+,부산 해운대,부산 해운대,,
장도윤079,010-8079-1079,고은비037,010-8037-1037,2024-04-02,01:27:24,2024-04-02,01:29:41,2.29,LGU+,인천 부평,서울 강남,,
안채원062,010-8062-1062,마준호075,010-8075-1075,2024-03-13,12:39:53,2024-03-13,12:40:42,0.82,LGU+,부산 해운대,서울 강남,,
남지연048,010-8048-1048,차미래007,010-8007-1007,2024-09-13,16:17:19,2024-09-13,16:26:04,8.76,SKT,부산 해운대,수원 영통,,
도하린010,010-8010-1010,설진우061,010-8061-1061,2024-06-04,11:53:22,2024-06-04,11:59:41,6.32,LGU+,부산 해운대,수원 영통,,
양준석038,010-8038-1038,이영희,010-1111-1101,2024-05-06,08:33:11,2024-05-06,08:35:00,1.83,KT,부산 해운대,서울 서초,,
안채원062,010-8062-1062,류하준018,010-8018-1018,2024-07-02,10:00:56,2024-07-02,10:05:28,4.54,SKT,서울 강남,서울 강남,,
도하린026,010-8026-1026,마준호075,010-8075-1075,2024-09-24,02:32:31,2024-09-24,02:37:00,4.49,KT,수원 영통,대전 유성,,
마준호027,010-8027-1027,마준호075,010-8075-1075,2024-03-01,05:03:51,2024-03-01,05:05:00,1.16,LGU+,서울 강남,서울 영등포,,
황미경003,010-8003-1003,도하린042,010-8042-1042,2024-03-01,09:15:31,2024-03-01,09:31:27,15.94,KT,대구 수성,부산 해운대,,
황미경003,010-8003-1003,남지연064,010-8064-1064,2024-07-24,11:35:36,2024-07-24,11:36:43,1.13,LGU+,인천 부평,수원 영통,,
변서연028,010-8028-1028,차미래039,010-8039-1039,2024-02-18,02:00:47,2024-02-18,02:15:10,14.39,LGU+,서울 강남,대구 수성,,
마준호027,010-8027-1027,설진우045,010-8045-1045,2024-05-19,09:36:40,2024-05-19,09:45:25,8.75,KT,수원 영통,서울 강남,,
전성호052,010-8052-1052,장도윤047,010-8047-1047,2024-06-04,05:20:51,2024-06-04,05:21:21,0.5,LGU+,인천 부평,대구 수성,,
최지훈,010-1133-1103,이영희,010-1111-1201,2024-06-16,12:44:18,2024-06-16,12:45:13,0.92,SKT,대구 수성,대구 수성,,
이영희,010-1111-1001,김철수,010-1100-1000,2024-01-06,21:46:07,2024-01-06,21:58:42,12.59,LGU+,인천 부평,대전 유성,,
마준호027,010-8027-1027,마준호075,010-8075-1075,2024-02-03,23:47:41,2024-02-03,23:48:42,1.02,SKT,대전 유성,서울 영등포,,
노시우057,010-8057-1057,남지연016,010-8016-1016,2024-04-24,02:40:07,2024-04-24,02:43:04,2.96,KT,서울 서초,서울 영등포,,
남지연016,010-8016-1016,차미래023,010-8023-1023,2024-02-17,20:25:00,2024-02-17,20:28:27,3.45,SKT,부산 해운대,인천 부평,,
안채원014,010-8014-1014,류하준050,010-8050-1050,2024-09-08,15:00:03,2024-09-08,15:00:37,0.57,LGU+,부산 해운대,서울 강남,,
변서연044,010-8044-1044,황미경051,010-8051-1051,2024-09-17,10:04:43,2024-09-17,10:09:20,4.63,KT,부산 해운대,서울 서초,,
송우진017,010-8017-1017,도하린042,010-8042-1042,2024-08-07,13:03:20,2024-08-07,13:19:01,15.69,LGU+,대구 수성,수원 영통,,
양준석038,010-8038-1038,장도윤031,010-8031-1031,2024-07-10,04:39:34,2024-07-10,04:55:52,16.3,KT,서울 강남,대구 수성,,
장도윤079,010-8079-1079,변서연028,010-8028-1028,2024-09-14,02:38:36,2024-09-14,02:39:45,1.15,SKT,대전 유성,부산 해운대,,
류하준002,010-8002-1002,전성호036,010-8036-1036,2024-07-22,03:56:02,2024-07-22,03:58:03,2.03,LGU+,서울 영등포,부산 해운대,,
송우진017,010-8017-1017,황미경003,010-8003-1003,2024-01-24,02:07:48,2024-01-24,02:08:16,0.47,LGU+,인천 부평,부산 해운대,,
황미경003,010-8003-1003,도하린042,010-8042-1042,2024-10-01,06:23:12,2024-10-01,06:28:32,5.34,LGU+,서울 서초,대전 유성,,
한지우,010-1177-1207,남지연064,010-8064-1064,2024-08-08,05:06:58,2024-08-08,05:09:36,2.64,SKT,부산 해운대,부산 해운대,,
도하린074,010-8074-1074,도하린010,010-8010-1010,2024-04-07,15:51:06,2024-04-07,15:51:52,0.77,LGU+,대전 유성,서울 강남,,
유태경008,010-8008-1008,안채원014,010-8014-1014,2024-05-29,18:01:47,2024-05-29,18:07:38,5.85,KT,부산 해운대,서울 서초,,
정하늘,010-1144-1004,이영희,010-1111-1001,2024-03-06,19:34:01,2024-03-06,19:35:23,1.38,LGU+,서울 강남,서울 서초,,
한지우,010-1177-1107,마준호059,010-8059-1059,2024-05-30,11:39:26,2024-05-30,11:54:26,15.0,KT,서울 영등포,서울 영등포,,
도하린026,010-8026-1026,전성호068,010-8068-1068,2024-04-01,14:41:56,2024-04-01,14:42:59,1.06,KT,서울 서초,서울 영등포,,
양준석054,010-8054-1054,전성호020,010-8020-1020,2024-09-10,06:27:25,2024-09-10,06:42:31,15.11,LGU+,대전 유성,부산 해운대,,
차미래039,010-8039-1039,고은비069,010-8069-1069,2024-08-30,08:53:54,2024-08-30,09:07:32,13.64,SKT,대전 유성,대구 수성,,
변서연076,010-8076-1076,양준석038,010-8038-1038,2024-07-10,06:19:27,2024-07-10,06:30:58,11.53,KT,서울 강남,수원 영통,,
홍예린,010-1243-1013,송우진049,010-8049-1049,2024-02-13,23:57:35,2024-02-14,00:13:58,16.39,SKT,서울 영등포,대구 수성,,
남지연048,010-8048-1048,도하린042,010-8042-1042,2024-09-11,08:46:18,2024-09-11,09:01:17,14.99,LGU+,서울 서초,대구 수성,,
차미래055,010-8055-1055,남지연000,010-8000-1000,2024-05-08,08:09:41,2024-05-08,08:11:00,1.33,SKT,부산 해운대,서울 서초,,
차미래039,010-8039-1039,유태경040,010-8040-1040,2024-07-05,15:48:28,2024-07-05,15:55:14,6.78,SKT,수원 영통,인천 부평,,
도하린074,010-8074-1074,전성호036,010-8036-1036,2024-05-10,09:41:02,2024-05-10,09:49:32,8.5,KT,대구 수성,부산 해운대,,
노시우009,010-8009-1009,도하린026,010-8026-1026,2024-07-11,10:40:58,2024-07-11,10:49:37,8.66,SKT,서울 영등포,인천 부평,,
류하준034,010-8034-1034,도하린074,010-8074-1074,2024-06-04,04:20:58,2024-06-04,04:26:06,5.14,KT,부산 해운대,부산 해운대,,
양준석006,010-8006-1006,남지연000,010-8000-1000,2024-05-05,12:22:40,2024-05-05,12:29:28,6.81,KT,인천 부평,서울 영등포,,
장도윤031,010-8031-1031,송우진001,010-8001-1001,2024-01-11,16:06:32,2024-01-11,16:07:15,0.72,KT,서울 강남,서울 영등포,,
문재혁,010-1254-1014,송우진033,010-8033-1033,2024-03-02,02:10:51,2024-03-02,02:23:30,12.66,LGU+,서울 강남,부산 해운대,,
고은비021,010-8021-1021,황미경051,010-8051-1051,2024-03-21,00:13:45,2024-03-21,00:26:34,12.82,LGU+,부산 해운대,서울 서초,,
유태경040,010-8040-1040,도하린074,010-8074-1074,2024-08-16,15:21:45,2024-08-16,15:25:43,3.98,KT,서울 서초,서울 영등포,,
유태경072,010-8072-1072,안채원078,010-8078-1078,2024-01-19,11:04:26,2024-01-19,11:15:36,11.17,LGU+,서울 서초,수원 영통,,
안채원062,010-8062-1062,장도윤031,010-8031-1031,2024-03-31,12:02:19,2024-03-31,12:02:45,0.44,KT,수원 영통,부산 해운대,,
박민수,010-1122-1102,이영희,010-1111-1201,2024-05-14,05:47:28,2024-05-14,05:48:23,0.92,KT,서울 강남,서울 서초,,
유태경008,010-8008-1008,남지연000,010-8000-1000,2024-07-27,16:30:55,2024-07-27,16:38:28,7.55,KT,인천 부평,서울 서초,,
도하린042,010-8042-1042,노시우041,010-8041-1041,2024-09-09,20:44:19,2024-09-09,20:45:28,1.15,LGU+,서울 서초,부산 해운대,,
안채원062,010-8062-1062,설진우077,010-8077-1077,2024-01-03,06:00:09,2024-01-03,06:14:33,14.41,KT,부산 해운대,서울 영등포,,
고은비005,010-8005-1005,안채원014,010-8014-1014,2024-06-04,02:16:21,2024-06-04,02:17:26,1.09,KT,인천 부평,서울 영등포,,
박민수,010-1122-1002,임수빈,010-1221-1011,2024-02-24,07:27:37,2024-02-24,07:35:25,7.81,SKT,대구 수성,인천 부평,,
안채원030,010-8030-1030,설진우029,010-8029-1029,2024-05-19,11:28:57,2024-05-19,11:30:40,1.73,KT,대전 유성,서울 영등포,,
남지연016,010-8016-1016,황미경019,010-8019-1019,2024-08-10,09:08:12,2024-08-10,09:21:21,13.16,KT,대전 유성,인천 부평,,
류하준034,010-8034-1034,유태경072,010-8072-1072,2024-06-23,04:16:38,2024-06-23,04:18:51,2.22,SKT,대구 수성,대구 수성,,
황미경003,010-8003-1003,송우진065,010-8065-1065,2024-02-12,04:08:43,2024-02-12,04:20:31,11.8,LGU+,서울 서초,대전 유성,,
송우진033,010-8033-1033,남지연016,010-8016-1016,2024-04-20,22:09:09,2024-04-20,22:10:35,1.44,LGU+,서울 강남,서울 서초,,
정하늘,010-1144-1204,홍예린,010-1243-1213,2024-09-10,19:56:53,2024-09-10,20:09:00,12.12,KT,인천 부평,서울 강남,,
장도윤015,010-8015-1015,전성호036,010-8036-1036,2024-05-15,20:34:37,2024-05-15,20:35:04,0.45,SKT,대구 수성,서울 서초,,
변서연060,010-8060-1060,남지연000,010-8000-1000,2024-01-27,04:32:51,2024-01-27,04:41:19,8.47,LGU+,수원 영통,대전 유성,,
황미경067,010-8067-1067,남지연000,010-8000-1000,2024-08-27,01:32:29,2024-08-27,01:33:45,1.27,LGU+,서울 영등포,서울 서초,,
변서연012,010-8012-1012,유태경024,010-8024-1024,2024-03-30,11:11:33,2024-03-30,11:12:14,0.69,SKT,부산 해운대,서울 영등포,,
정하늘,010-1144-1104,임수빈,010-1221-1111,2024-04-14,10:38:09,2024-04-14,10:44:27,6.31,LGU+,대전 유성,대전 유성,,
노시우025,010-8025-1025,고은비037,010-8037-1037,2024-08-06,12:27:24,2024-08-06,12:29:48,2.4,SKT,수원 영통,서울 서초,,
고은비021,010-8021-1021,남지연048,010-8048-1048,2024-02-06,20:26:48,2024-02-06,20:40:39,13.85,LGU+,인천 부평,부산 해운대,,
신소희,010-1265-1115,설진우045,010-8045-1045,2024-04-29,05:06:15,2024-04-29,05:18:25,12.17,KT,서울 강남,부산 해운대,,
차미래071,010-8071-1071,변서연076,010-8076-1076,2024-10-04,13:46:38,2024-10-04,13:47:45,1.13,KT,인천 부평,서울 영등포,,
장도윤047,010-8047-1047,안채원030,010-8030-1030,2024-09-13,16:11:53,2024-09-13,16:29:35,17.7,KT,서울 영등포,수원 영통,,
남지연048,010-8048-1048,유태경072,010-8072-1072,2024-09-17,15:56:04,2024-09-17,15:57:07,1.05,KT,서울 영등포,서울 영등포,,
설진우029,010-8029-1029,장도윤079,010-8079-1079,2024-05-17,01:02:43,2024-05-17,01:19:46,17.06,KT,인천 부평,대전 유성,,
마준호011,010-8011-1011,차미래023,010-8023-1023,2024-04-05,10:37:40,2024-04-05,10:55:05,17.42,SKT,서울 강남,부산 해운대,,
권태영,010-1276-1216,설진우061,010-8061-1061,2024-07-24,17:32:59,2024-07-24,17:49:37,16.65,LGU+,대구 수성,서울 강남,,
양준석038,010-8038-1038,안채원046,010-8046-1046,2024-05-29,20:15:33,2024-05-29,20:31:43,16.18,KT,서울 서초,서울 강남,,
노시우041,010-8041-1041,송우진065,010-8065-1065,2024-08-15,19:17:36,2024-08-15,19:31:46,14.18,KT,부산 해운대,부산 해운대,,
마준호011,010-8011-1011,도하린042,010-8042-1042,2024-07-06,15:46:47,2024-07-06,15:48:01,1.24,SKT,인천 부평,수원 영통,,
윤다은,010-1166-1106,이영희,010-1111-1101,2024-04-06,22:15:36,2024-04-06,22:16:18,0.7,KT,서울 강남,대전 유성,,
조현우,010-1210-1110,장도윤031,010-8031-1031,2024-05-22,17:19:14,2024-05-22,17:36:14,17.01,KT,인천 부평,부산 해운대,,
양준석006,010-8006-1006,설진우029,010-8029-1029,2024-05-09,06:32:01,2024-05-09,06:38:17,6.27,SKT,서울 영등포,대전 유성,,
권태영,010-1276-1116,황미경067,010-8067-1067,2024-05-09,11:17:50,2024-05-09,11:25:35,7.75,KT,대구 수성,수원 영통,,
전성호036,010-8036-1036,고은비021,010-8021-1021,2024-05-20,15:28:14,2024-05-20,15:29:35,1.35,KT,인천 부평,서울 서초,,
홍예린,010-1243-1013,변서연076,010-8076-1076,2024-03-11,18:24:27,2024-03-11,18:28:36,4.16,LGU+,서울 영등포,서울 영등포,,
양준석070,010-8070-1070,유태경072,010-8072-1072,2024-03-19,12:21:42,2024-03-19,12:34:50,13.14,LGU+,인천 부평,서울 영등포,,
고은비021,010-8021-1021,차미래039,010-8039-1039,2024-05-31,03:53:50,2024-05-31,04:09:11,15.35,SKT,대전 유성,인천 부평,,
오세진,010-1155-1105,이영희,010-1111-1201,2024-05-18,09:16:14,2024-05-18,09:16:35,0.36,SKT,대전 유성,서울 서초,,
전성호036,010-8036-1036,양준석022,010-8022-1022,2024-06-10,13:14:53,2024-06-10,13:15:19,0.44,SKT,서울 영등포,인천 부평,,
류하준034,010-8034-1034,마준호011,010-8011-1011,2024-07-14,18:24:22,2024-07-14,18:32:17,7.92,SKT,부산 해운대,서울 강남,,
도하린074,010-8074-1074,안채원014,010-8014-1014,2024-02-19,07:52:42,2024-02-19,08:04:15,11.55,LGU+,수원 영통,인천 부평,,
황미경067,010-8067-1067,노시우057,010-8057-1057,2024-03-01,17:05:22,2024-03-01,17:13:42,8.34,SKT,대구 수성,대구 수성,,
황미경051,010-8051-1051,송우진017,010-8017-1017,2024-04-15,07:13:45,2024-04-15,07:18:00,4.25,SKT,대전 유성,수원 영통,,
이영희,010-1111-1201,최지훈,010-1133-1203,2024-07-31,01:13:53,2024-07-31,01:14:38,0.75,LGU+,서울 강남,대구 수성,,
양준석006,010-8006-1006,전성호004,010-8004-1004,2024-05-02,02:34:06,2024-05-02,02:39:46,5.68,LGU+,대구 수성,대구 수성,,
고은비037,010-8037-1037,유태경072,010-8072-1072,2024-06-18,01:07:47,2024-06-18,01:18:43,10.94,LGU+,서울 강남,부산 해운대,,
안채원062,010-8062-1062,안채원078,010-8078-1078,2024-01-16,11:51:37,2024-01-16,11:52:22,0.76,KT,수원 영통,서울 서초,,
안채원030,010-8030-1030,마준호011,010-8011-1011,2024-08-02,02:24:59,2024-08-02,02:25:53,0.9,KT,서울 강남,수원 영통,,
설진우077,010-8077-1077,전성호004,010-8004-1004,2024-08-24,21:06:25,2024-08-24,21:07:47,1.37,LGU+,부산 해운대,수원 영통,,
양준석022,010-8022-1022,전성호004,010-8004-1004,2024-07-06,21:43:58,2024-07-06,21:45:14,1.27,KT,서울 서초,서울 강남,,
황미경003,010-8003-1003,설진우029,010-8029-1029,2024-05-06,01:17:47,2024-05-06,01:20:53,3.1,KT,대구 수성,서울 영등포,,
전성호068,010-8068-1068,노시우057,010-8057-1057,2024-05-15,00:33:14,2024-05-15,00:33:29,0.25,KT,부산 해운대,대구 수성,,
류하준018,010-8018-1018,유태경072,010-8072-1072,2024-07-30,18:35:36,2024-07-30,18:40:13,4.63,KT,대전 유성,서울 영등포,,
차미래055,010-8055-1055,전성호020,010-8020-1020,2024-08-11,07:54:14,2024-08-11,07:58:14,4.01,LGU+,부산 해운대,대구 수성,,
류하준018,010-8018-1018,설진우013,010-8013-1013,2024-01-04,12:00:36,2024-01-04,12:02:35,1.99,KT,서울 서초,부산 해운대,,
이영희,010-1111-1001,오세진,010-1155-1005,2024-02-03,12:31:04,2024-02-03,12:32:01,0.95,LGU+,서울 강남,서울 영등포,,
마준호059,010-8059-1059,남지연000,010-8000-1000,2024-02-01,20:52:02,2024-02-01,20:53:26,1.4,LGU+,대전 유성,서울 영등포,,
홍예린,010-1243-1113,윤다은,010-1166-1106,2024-04-21,14:28:15,2024-04-21,14:29:33,1.31,SKT,대전 유성,대전 유성,,
유태경072,010-8072-1072,마준호043,010-8043-1043,2024-01-30,08:25:26,2024-01-30,08:26:11,0.75,KT,대전 유성,서울 강남,,
문재혁,010-1254-1214,윤다은,010-1166-1206,2024-08-04,23:03:18,2024-08-04,23:04:16,0.98,KT,서울 서초,부산 해운대,,
고은비021,010-8021-1021,황미경051,010-8051-1051,2024-08-03,19:36:51,2024-08-03,19:44:14,7.39,LGU+,인천 부평,수원 영통,,
노시우025,010-8025-1025,차미래071,010-8071-1071,2024-05-02,04:46:18,2024-05-02,05:03:24,17.1,SKT,대전 유성,서울 강남,,
황미경019,010-8019-1019,안채원030,010-8030-1030,2024-09-10,06:59:29,2024-09-10,07:00:38,1.16,LGU+,수원 영통,서울 강남,,
남지연000,010-8000-1000,황미경019,010-8019-1019,2024-03-02,16:06:15,2024-03-02,16:10:43,4.47,KT,서울 강남,수원 영통,,
고은비053,010-8053-1053,남지연048,010-8048-1048,2024-02-26,04:05:21,2024-02-26,04:19:47,14.44,KT,인천 부평,대전 유성,,
차미래071,010-8071-1071,차미래055,010-8055-1055,2024-02-02,10:11:07,2024-02-02,10:11:53,0.78,KT,대구 수성,대전 유성,,
장도윤047,010-8047-1047,노시우025,010-8025-1025,2024-01-19,14:12:00,2024-01-19,14:22:42,10.71,SKT,대전 유성,대전 유성,,
류하준034,010-8034-1034,도하린026,010-8026-1026,2024-09-08,13:50:56,2024-09-08,14:00:50,9.91,KT,서울 강남,수원 영통,,
안채원014,010-8014-1014,차미래039,010-8039-1039,2024-08-05,23:17:58,2024-08-05,23:19:03,1.09,LGU+,서울 영등포,부산 해운대,,
차미래023,010-8023-1023,양준석070,010-8070-1070,2024-08-19,12:52:52,2024-08-19,13:09:37,16.76,SKT,부산 해운대,대구 수성,,
양준석070,010-8070-1070,마준호043,010-8043-1043,2024-01-17,20:20:15,2024-01-17,20:20:51,0.61,KT,인천 부평,서울 강남,,
장도윤031,010-8031-1031,유태경024,010-8024-1024,2024-05-30,07:25:58,2024-05-30,07:29:44,3.77,KT,서울 영등포,서울 강남,,
노시우009,010-8009-1009,설진우013,010-8013-1013,2024-10-07,14:45:08,2024-10-07,14:49:53,4.75,SKT,부산 해운대,대전 유성,,
전성호036,010-8036-1036,차미래039,010-8039-1039,2024-10-07,20:04:04,2024-10-07,20:21:46,17.71,SKT,서울 강남,부산 해운대,,
변서연044,010-8044-1044,노시우025,010-8025-1025,2024-02-13,10:53:17,2024-02-13,11:06:00,12.73,SKT,대구 수성,서울 강남,,
유태경024,010-8024-1024,남지연032,010-8032-1032,2024-04-04,20:37:07,2024-04-04,20:54:33,17.44,SKT,서울 영등포,서울 강남,,
이영희,010-1111-1201,윤다은,010-1166-1106,2024-06-18,03:55:54,2024-06-18,03:56:40,0.77,LGU+,수원 영통,서울 강남,,
박민수,010-1122-1102,권태영,010-1276-1116,2024-06-07,05:13:21,2024-06-07,05:30:27,17.11,KT,부산 해운대,부산 해운대,,
변서연076,010-8076-1076,장도윤063,010-8063-1063,2024-07-21,19:33:31,2024-07-21,19:45:22,11.86,LGU+,서울 서초,부산 해운대,,
문재혁,010-1254-1214,황미경003,010-8003-1003,2024-07-14,21:27:11,2024-07-14,21:34:12,7.02,SKT,인천 부평,인천 부평,,
송우진033,010-8033-1033,마준호075,010-8075-1075,2024-09-12,21:08:18,2024-09-12,21:09:20,1.04,SKT,서울 영등포,서울 강남,,
황미경003,010-8003-1003,전성호068,010-8068-1068,2024-01-18,07:12:19,2024-01-18,07:21:05,8.78,SKT,인천 부평,대구 수성,,
도하린026,010-8026-1026,양준석054,010-8054-1054,2024-03-03,01:14:17,2024-03-03,01:30:54,16.62,KT,인천 부평,서울 영등포,,
고은비037,010-8037-1037,장도윤031,010-8031-1031,2024-06-21,05:56:41,2024-06-21,05:57:56,1.25,KT,부산 해운대,대구 수성,,
황미경003,010-8003-1003,전성호004,010-8004-1004,2024-07-08,04:07:31,2024-07-08,04:18:59,11.48,SKT,대전 유성,대구 수성,,
류하준018,010-8018-1018,송우진049,010-8049-1049,2024-04-28,07:17:57,2024-04-28,07:30:57,13.01,LGU+,대구 수성,인천 부평,,
배성호,010-1232-1112,도하린058,010-8058-1058,2024-04-15,16:30:22,2024-04-15,16:39:27,9.09,KT,수원 영통,대전 유성,,
전성호068,010-8068-1068,마준호011,010-8011-1011,2024-06-19,17:08:52,2024-06-19,17:09:17,0.43,KT,수원 영통,부산 해운대,,
도하린042,010-8042-1042,안채원062,010-8062-1062,2024-07-10,17:59:25,2024-07-10,18:00:17,0.88,KT,부산 해운대,대전 유성,,
양준석070,010-8070-1070,차미래071,010-8071-1071,2024-07-12,11:06:49,2024-07-12,11:08:13,1.41,LGU+,대구 수성,서울 영등포,,
윤다은,010-1166-1106,이영희,010-1111-1201,2024-06-17,21:54:34,2024-06-17,21:55:15,0.69,KT,수원 영통,서울 강남,,
양준석022,010-8022-1022,안채원030,010-8030-1030,2024-07-14,13:37:42,2024-07-14,13:54:37,16.92,KT,서울 영등포,서울 영등포,,
양준석070,010-8070-1070,마준호043,010-8043-1043,2024-02-26,04:34:49,2024-02-26,04:37:07,2.3,KT,수원 영통,대전 유성,,
설진우029,010-8029-1029,노시우073,010-8073-1073,2024-08-30,21:23:24,2024-08-30,21:25:28,2.08,LGU+,인천 부평,수원 영통,,
장도윤015,010-8015-1015,류하준002,010-8002-1002,2024-09-10,10:09:57,2024-09-10,10:10:58,1.03,LGU+,수원 영통,서울 영등포,,
황미경035,010-8035-1035,안채원062,010-8062-1062,2024-04-18,23:08:59,2024-04-18,23:22:43,13.74,LGU+,서울 서초,서울 서초,,
한지우,010-1177-1207,양준석070,010-8070-1070,2024-08-02,07:20:15,2024-08-02,07:28:19,8.08,LGU+,대전 유성,인천 부평,,
황미경051,010-8051-1051,양준석054,010-8054-1054,2024-06-04,13:16:47,2024-06-04,13:28:33,11.78,LGU+,수원 영통,대전 유성,,
황미경035,010-8035-1035,설진우077,010-8077-1077,2024-02-08,18:57:41,2024-02-08,19:05:51,8.17,KT,대전 유성,대전 유성,,
강민재,010-1188-1108,황미경003,010-8003-1003,2024-04-15,05:40:18,2024-04-15,05:57:54,17.61,KT,서울 서초,인천 부평,,
황미경051,010-8051-1051,송우진065,010-8065-1065,2024-05-06,19:22:35,2024-05-06,19:29:02,6.46,LGU+,대전 유성,대전 유성,,
이영희,010-1111-1001,최지훈,010-1133-1003,2024-03-03,14:08:51,2024-03-03,14:09:39,0.8,LGU+,대전 유성,수원 영통,,
송우진001,010-8001-1001,강민재,010-1188-1008,2024-02-07,18:10:15,2024-02-07,18:21:54,11.66,KT,대전 유성,부산 해운대,,
변서연060,010-8060-1060,유태경040,010-8040-1040,2024-05-28,04:06:35,2024-05-28,04:17:31,10.94,SKT,인천 부평,서울 영등포,,
유태경040,010-8040-1040,양준석022,010-8022-1022,2024-01-22,23:56:46,2024-01-23,00:01:20,4.58,LGU+,인천 부평,대전 유성,,
장도윤031,010-8031-1031,노시우073,010-8073-1073,2024-10-03,06:20:35,2024-10-03,06:37:33,16.97,KT,대구 수성,서울 서초,,
설진우013,010-8013-1013,유태경008,010-8008-1008,2024-09-01,19:18:09,2024-09-01,19:23:09,5.0,KT,부산 해운대,대구 수성,,
이영희,010-1111-1101,최지훈,010-1133-1103,2024-05-13,05:37:16,2024-05-13,05:37:31,0.25,LGU+,대구 수성,대전 유성,,
황미경067,010-8067-1067,유태경056,010-8056-1056,2024-04-11,19:47:46,2024-04-11,19:52:24,4.64,KT,부산 해운대,대구 수성,,
양준석038,010-8038-1038,안채원030,010-8030-1030,2024-05-18,12:24:59,2024-05-18,12:38:21,13.38,LGU+,대구 수성,서울 서초,,
장도윤063,010-8063-1063,도하린010,010-8010-1010,2024-03-18,19:19:12,2024-03-18,19:19:25,0.23,SKT,부산 해운대,수원 영통,,
홍예린,010-1243-1113,안채원078,010-8078-1078,2024-06-02,18:21:32,2024-06-02,18:36:36,15.08,LGU+,수원 영통,인천 부평,,
홍예린,010-1243-1113,황미경019,010-8019-1019,2024-06-02,12:11:48,2024-06-02,12:21:56,10.14,SKT,부산 해운대,인천 부평,,
류하준002,010-8002-1002,노시우041,010-8041-1041,2024-07-03,07:09:18,2024-07-03,07:21:07,11.83,SKT,대구 수성,인천 부평,,
황미경051,010-8051-1051,남지연016,010-8016-1016,2024-08-02,10:22:57,2024-08-02,10:23:33,0.61,KT,대구 수성,인천 부평,,
양준석006,010-8006-1006,마준호011,010-8011-1011,2024-07-12,00:20:05,2024-07-12,00:31:06,11.02,LGU+,대전 유성,인천 부평,,
차미래023,010-8023-1023,노시우073,010-8073-1073,2024-09-16,21:33:16,2024-09-16,21:36:28,3.2,KT,대전 유성,대구 수성,,
황미경003,010-8003-1003,차미래055,010-8055-1055,2024-02-04,08:01:25,2024-02-04,08:18:20,16.92,LGU+,인천 부평,서울 서초,,
전성호068,010-8068-1068,남지연064,010-8064-1064,2024-01-22,13:08:16,2024-01-22,13:08:58,0.71,SKT,수원 영통,서울 서초,,
도하린010,010-8010-1010,장도윤015,010-8015-1015,2024-07-01,01:52:27,2024-07-01,02:02:06,9.65,SKT,대구 수성,서울 서초,,
황미경067,010-8067-1067,장도윤063,010-8063-1063,2024-04-16,18:52:30,2024-04-16,18:53:21,0.85,KT,서울 영등포,서울 서초,,
남지연064,010-8064-1064,마준호075,010-8075-1075,2024-05-05,02:54:41,2024-05-05,02:57:38,2.95,SKT,인천 부평,대구 수성,,
설진우013,010-8013-1013,류하준002,010-8002-1002,2024-08-18,22:37:26,2024-08-18,22:47:00,9.58,LGU+,대구 수성,서울 강남,,
류하준034,010-8034-1034,류하준002,010-8002-1002,2024-05-21,02:59:39,2024-05-21,03:15:36,15.95,KT,수원 영통,인천 부평,,
남지연016,010-8016-1016,남지연048,010-8048-1048,2024-07-01,23:57:41,2024-07-01,23:58:23,0.7,LGU+,대전 유성,대전 유성,,
한지우,010-1177-1207,고은비005,010-8005-1005,2024-07-08,06:03:05,2024-07-08,06:04:30,1.42,SKT,부산 해운대,인천 부평,,
양준석038,010-8038-1038,송우진017,010-8017-1017,2024-02-13,23:52:02,2024-02-14,00:03:55,11.89,LGU+,인천 부평,서울 강남,,
류하준050,010-8050-1050,안채원062,010-8062-1062,2024-08-15,00:25:12,2024-08-15,00:33:07,7.92,SKT,서울 영등포,대구 수성,,
정하늘,010-1144-1004,이영희,010-1111-1001,2024-02-25,18:01:59,2024-02-25,18:02:35,0.61,LGU+,대구 수성,대구 수성,,
황미경035,010-8035-1035,노시우041,010-8041-1041,2024-03-01,16:19:33,2024-03-01,16:19:52,0.33,LGU+,수원 영통,부산 해운대,,
고은비005,010-8005-1005,고은비037,010-8037-1037,2024-01-14,03:38:13,2024-01-14,03:52:57,14.74,LGU+,대전 유성,부산 해운대,,
문재혁,010-1254-1114,차미래055,010-8055-1055,2024-06-18,18:54:06,2024-06-18,19:10:18,16.21,SKT,부산 해운대,부산 해운대,,
차미래039,010-8039-1039,변서연044,010-8044-1044,2024-03-28,19:20:32,2024-03-28,19:28:20,7.8,KT,서울 강남,부산 해운대,,
신소희,010-1265-1215,송우진017,010-8017-1017,2024-07-20,02:37:36,2024-07-20,02:39:39,2.06,LGU+,서울 영등포,부산 해운대,,
차미래023,010-8023-1023,마준호075,010-8075-1075,2024-02-21,15:12:38,2024-02-21,15:16:16,3.64,LGU+,대전 유성,수원 영통,,
안채원078,010-8078-1078,안채원030,010-8030-1030,2024-05-07,15:36:30,2024-05-07,15:52:38,16.14,KT,서울 서초,대구 수성,,
최지훈,010-1133-1003,권태영,010-1276-1116,2024-04-05,15:33:24,2024-04-05,15:49:55,16.53,SKT,인천 부평,인천 부평,,
송우진017,010-8017-1017,전성호020,010-8020-1020,2024-08-19,11:33:32,2024-08-19,11:47:04,13.54,SKT,수원 영통,대전 유성,,
차미래055,010-8055-1055,전성호052,010-8052-1052,2024-06-03,22:13:57,2024-06-03,22:14:46,0.82,SKT,대전 유성,서울 영등포,,
양준석070,010-8070-1070,안채원046,010-8046-1046,2024-08-26,16:02:00,2024-08-26,16:05:53,3.89,KT,인천 부평,부산 해운대,,
송우진033,010-8033-1033,노시우009,010-8009-1009,2024-05-30,20:41:43,2024-05-30,20:42:52,1.16,KT,서울 영등포,서울 강남,,
차미래007,010-8007-1007,도하린026,010-8026-1026,2024-08-16,00:51:31,2024-08-16,01:00:02,8.52,LGU+,서울 서초,서울 영등포,,
마준호075,010-8075-1075,차미래071,010-8071-1071,2024-05-06,02:21:10,2024-05-06,02:25:19,4.15,LGU+,서울 서초,서울 강남,,
전성호036,010-8036-1036,남지연016,010-8016-1016,2024-05-08,12:20:24,2024-05-08,12:30:33,10.16,LGU+,대구 수성,수원 영통,,
고은비053,010-8053-1053,송우진033,010-8033-1033,2024-04-14,22:35:29,2024-04-14,22:42:21,6.87,LGU+,서울 영등포,수원 영통,,
장도윤063,010-8063-1063,장도윤015,010-8015-1015,2024-02-18,12:36:44,2024-02-18,12:53:51,17.13,KT,대구 수성,대구 수성,,
배성호,010-1232-1212,양준석022,010-8022-1022,2024-07-22,10:18:47,2024-07-22,10:31:35,12.81,KT,부산 해운대,대전 유성,,
황미경051,010-8051-1051,황미경035,010-8035-1035,2024-02-16,15:10:27,2024-02-16,15:20:13,9.78,LGU+,서울 강남,서울 서초,,
전성호036,010-8036-1036,변서연028,010-8028-1028,2024-04-12,21:54:58,2024-04-12,21:55:21,0.39,KT,대구 수성,서울 서초,,
도하린010,010-8010-1010,변서연012,010-8012-1012,2024-09-16,12:06:38,2024-09-16,12:24:24,17.77,SKT,서울 영등포,대전 유성,,
황미경051,010-8051-1051,설진우013,010-8013-1013,2024-04-02,01:07:39,2024-04-02,01:08:47,1.14,KT,서울 영등포,대전 유성,,
양준석070,010-8070-1070,노시우057,010-8057-1057,2024-07-29,03:00:43,2024-07-29,03:01:05,0.37,LGU+,서울 강남,수원 영통,,
마준호059,010-8059-1059,변서연044,010-8044-1044,2024-09-09,09:42:20,2024-09-09,09:47:42,5.38,KT,서울 영등포,서울 강남,,
설진우029,010-8029-1029,고은비005,010-8005-1005,2024-08-02,17:55:06,2024-08-02,18:11:23,16.29,SKT,서울 영등포,인천 부평,,
권태영,010-1276-1216,남지연064,010-8064-1064,2024-08-02,10:44:18,2024-08-02,10:44:34,0.27,KT,대전 유성,대전 유성,,
류하준002,010-8002-1002,유태경008,010-8008-1008,2024-07-31,23:19:17,2024-07-31,23:25:40,6.39,KT,대구 수성,서울 서초,,
권태영,010-1276-1016,유태경008,010-8008-1008,2024-01-04,20:19:39,2024-01-04,20:22:13,2.57,KT,서울 강남,서울 서초,,
고은비005,010-8005-1005,유태경056,010-8056-1056,2024-07-02,14:59:50,2024-07-02,15:16:05,16.25,KT,수원 영통,서울 영등포,,
안채원030,010-8030-1030,전성호036,010-8036-1036,2024-03-25,10:10:38,2024-03-25,10:11:15,0.63,KT,서울 서초,서울 서초,,
도하린042,010-8042-1042,양준석006,010-8006-1006,2024-09-30,07:01:38,2024-09-30,07:15:50,14.21,KT,서울 서초,부산 해운대,,
마준호027,010-8027-1027,도하린074,010-8074-1074,2024-04-28,01:17:19,2024-04-28,01:32:37,15.3,LGU+,서울 서초,인천 부평,,
전성호036,010-8036-1036,황미경067,010-8067-1067,2024-02-24,10:20:16,2024-02-24,10:37:28,17.2,SKT,서울 강남,부산 해운대,,
류하준066,010-8066-1066,황미경035,010-8035-1035,2024-04-21,21:53:41,2024-04-21,21:58:57,5.28,SKT,대구 수성,대전 유성,,
류하준018,010-8018-1018,안채원046,010-8046-1046,2024-03-20,15:32:52,2024-03-20,15:47:36,14.74,KT,서울 서초,대전 유성,,
한지우,010-1177-1107,변서연012,010-8012-1012,2024-06-18,06:12:26,2024-06-18,06:25:17,12.85,LGU+,인천 부평,인천 부평,,
노시우057,010-8057-1057,설진우029,010-8029-1029,2024-09-07,04:54:37,2024-09-07,05:00:58,6.35,LGU+,대전 유성,서울 강남,,
유태경072,010-8072-1072,노시우041,010-8041-1041,2024-04-01,14:29:01,2024-04-01,14:37:29,8.48,KT,서울 강남,대전 유성,,
류하준018,010-8018-1018,류하준002,010-8002-1002,2024-02-22,03:29:59,2024-02-22,03:41:06,11.13,SKT,서울 영등포,인천 부평,,
황미경019,010-8019-1019,고은비053,010-8053-1053,2024-04-14,07:29:05,2024-04-14,07:37:51,8.78,SKT,대구 수성,인천 부평,,
유태경008,010-8008-1008,장도윤031,010-8031-1031,2024-01-08,15:07:09,2024-01-08,15:07:52,0.72,KT,부산 해운대,서울 영등포,,
류하준002,010-8002-1002,설진우077,010-8077-1077,2024-03-21,22:12:49,2024-03-21,22:14:14,1.43,KT,수원 영통,대전 유성,,
마준호043,010-8043-1043,유태경024,010-8024-1024,2024-02-21,16:35:28,2024-02-21,16:36:48,1.34,SKT,수원 영통,부산 해운대,,
전성호036,010-8036-1036,남지연064,010-8064-1064,2024-03-20,02:45:17,2024-03-20,02:48:42,3.42,LGU+,부산 해운대,대구 수성,,
유태경040,010-8040-1040,안채원014,010-8014-1014,2024-03-29,05:09:57,2024-03-29,05:19:19,9.37,KT,인천 부평,부산 해운대,,
고은비069,010-8069-1069,양준석070,010-8070-1070,2024-05-22,20:44:47,2024-05-22,20:46:08,1.36,KT,서울 강남,서울 영등포,,
고은비037,010-8037-1037,변서연060,010-8060-1060,2024-02-22,19:16:35,2024-02-22,19:32:58,16.4,KT,서울 영등포,서울 강남,,
류하준034,010-8034-1034,변서연044,010-8044-1044,2024-06-20,06:32:52,2024-06-20,06:40:28,7.61,KT,수원 영통,서울 강남,,
노시우009,010-8009-1009,송우진065,010-8065-1065,2024-09-15,09:07:26,2024-09-15,09:08:14,0.8,KT,수원 영통,대전 유성,,
변서연076,010-8076-1076,설진우077,010-8077-1077,2024-02-25,17:24:46,2024-02-25,17:41:37,16.85,KT,수원 영통,대구 수성,,
도하린058,010-8058-1058,황미경051,010-8051-1051,2024-05-17,23:49:57,2024-05-18,00:06:31,16.58,KT,부산 해운대,대전 유성,,
양준석022,010-8022-1022,남지연000,010-8000-1000,2024-07-12,23:51:33,2024-07-12,23:52:04,0.52,KT,서울 강남,부산 해운대,,
마준호011,010-8011-1011,양준석006,010-8006-1006,2024-08-23,01:32:11,2024-08-23,01:39:47,7.61,KT,서울 서초,서울 영등포,,
설진우013,010-8013-1013,남지연000,010-8000-1000,2024-01-26,00:17:59,2024-01-26,00:18:59,1.0,KT,대구 수성,서울 영등포,,
전성호020,010-8020-1020,송우진017,010-8017-1017,2024-03-16,05:11:35,2024-03-16,05:11:59,0.4,SKT,인천 부평,수원 영통,,
장도윤047,010-8047-1047,류하준034,010-8034-1034,2024-08-27,23:24:58,2024-08-27,23:37:41,12.73,LGU+,인천 부평,수원 영통,,
황미경003,010-8003-1003,송우진033,010-8033-1033,2024-10-04,08:04:39,2024-10-04,08:05:21,0.7,SKT,서울 영등포,서울 서초,,
남지연048,010-8048-1048,남지연016,010-8016-1016,2024-08-06,17:08:07,2024-08-06,17:16:33,8.45,LGU+,대전 유성,대전 유성,,
송우진001,010-8001-1001,마준호027,010-8027-1027,2024-06-27,00:04:31,2024-06-27,00:04:59,0.48,KT,대전 유성,인천 부평,,
남지연064,010-8064-1064,안채원014,010-8014-1014,2024-08-02,18:54:34,2024-08-02,19:06:30,11.94,LGU+,인천 부평,대전 유성,,
유태경008,010-8008-1008,권태영,010-1276-1016,2024-02-01,21:28:14,2024-02-01,21:29:14,1.0,SKT,서울 서초,부산 해운대,,
송우진001,010-8001-1001,설진우077,010-8077-1077,2024-02-24,04:49:07,2024-02-24,04:53:35,4.47,KT,대전 유성,대구 수성,,
정하늘,010-1144-1204,권태영,010-1276-1216,2024-07-24,16:02:02,2024-07-24,16:03:41,1.66,LGU+,대전 유성,수원 영통,,
황미경019,010-8019-1019,설진우013,010-8013-1013,2024-05-23,05:16:36,2024-05-23,05:19:20,2.74,LGU+,대구 수성,대전 유성,,
변서연012,010-8012-1012,양준석022,010-8022-1022,2024-01-15,16:16:33,2024-01-15,16:19:33,3.01,LGU+,수원 영통,대구 수성,,
마준호043,010-8043-1043,유태경040,010-8040-1040,2024-05-17,05:05:25,2024-05-17,05:18:45,13.34,SKT,대전 유성,서울 강남,,
도하린026,010-8026-1026,유태경056,010-8056-1056,2024-01-12,23:50:39,2024-01-12,23:51:42,1.05,LGU+,서울 영등포,서울 서초,,
차미래039,010-8039-1039,장도윤079,010-8079-1079,2024-08-14,18:43:49,2024-08-14,18:45:19,1.5,KT,인천 부평,대구 수성,,
마준호075,010-8075-1075,장도윤079,010-8079-1079,2024-01-26,02:05:51,2024-01-26,02:11:32,5.69,SKT,부산 해운대,인천 부평,,
안채원030,010-8030-1030,설진우029,010-8029-1029,2024-07-03,08:24:46,2024-07-03,08:25:55,1.16,SKT,대전 유성,수원 영통,,
도하린042,010-8042-1042,류하준066,010-8066-1066,2024-09-05,00:05:11,2024-09-05,00:06:22,1.19,LGU+,인천 부평,서울 영등포,,
고은비069,010-8069-1069,안채원046,010-8046-1046,2024-03-07,06:54:01,2024-03-07,06:59:25,5.41,SKT,서울 영등포,서울 강남,,
도하린058,010-8058-1058,안채원046,010-8046-1046,2024-05-12,08:38:47,2024-05-12,08:55:38,16.86,SKT,서울 서초,대구 수성,,
송우진065,010-8065-1065,마준호075,010-8075-1075,2024-02-19,07:19:31,2024-02-19,07:20:09,0.64,LGU+,대구 수성,인천 부평,,
권태영,010-1276-1216,안채원078,010-8078-1078,2024-07-22,10:01:40,2024-07-22,10:07:19,5.65,KT,수원 영통,부산 해운대,,
이영희,010-1111-1201,오세진,010-1155-1105,2024-06-04,22:25:17,2024-06-04,22:26:08,0.85,KT,수원 영통,서울 서초,,
문재혁,010-1254-1114,오세진,010-1155-1105,2024-06-03,06:24:54,2024-06-03,06:25:43,0.83,SKT,대구 수성,대전 유성,,
배성호,010-1232-1012,윤다은,010-1166-1006,2024-01-08,11:50:50,2024-01-08,11:51:20,0.51,KT,서울 강남,서울 영등포,,
노시우025,010-8025-1025,양준석038,010-8038-1038,2024-10-02,19:14:15,2024-10-02,19:19:37,5.38,KT,대전 유성,서울 서초,,
권태영,010-1276-1216,오세진,010-1155-1205,2024-07-14,19:43:15,2024-07-14,19:44:06,0.85,LGU+,서울 영등포,부산 해운대,,
차미래023,010-8023-1023,황미경067,010-8067-1067,2024-07-20,06:08:22,2024-07-20,06:23:25,15.05,LGU+,인천 부평,서울 영등포,,
황미경051,010-8051-1051,송우진017,010-8017-1017,2024-02-10,06:44:22,2024-02-10,06:54:01,9.66,LGU+,대구 수성,부산 해운대,,
고은비037,010-8037-1037,송우진017,010-8017-1017,2024-06-01,15:42:04,2024-06-01,15:43:03,0.99,LGU+,서울 영등포,서울 강남,,
배성호,010-1232-1012,전성호068,010-8068-1068,2024-02-13,03:49:15,2024-02-13,04:01:25,12.18,KT,서울 영등포,서울 강남,,
고은비021,010-8021-1021,장도윤047,010-8047-1047,2024-09-20,05:19:08,2024-09-20,05:22:14,3.1,LGU+,부산 해운대,대전 유성,,
황미경003,010-8003-1003,유태경024,010-8024-1024,2024-02-17,00:27:00,2024-02-17,00:28:01,1.02,LGU+,서울 영등포,서울 강남,,
이영희,010-1111-1201,김철수,010-1100-1100,2024-06-04,17:10:56,2024-06-04,17:21:57,11.02,SKT,서울 영등포,대구 수성,,
전성호020,010-8020-1020,장도윤079,010-8079-1079,2024-02-03,10:59:56,2024-02-03,11:01:54,1.97,KT,대구 수성,서울 영등포,,
양준석006,010-8006-1006,노시우009,010-8009-1009,2024-05-20,17:52:57,2024-05-20,18:03:14,10.29,KT,서울 강남,인천 부평,,
도하린010,010-8010-1010,마준호059,010-8059-1059,2024-03-25,21:06:05,2024-03-25,21:07:03,0.98,SKT,대구 수성,서울 서초,,
최지훈,010-1133-1003,차미래071,010-8071-1071,2024-02-07,04:32:55,2024-02-07,04:33:48,0.89,KT,대구 수성,대전 유성,,
남지연000,010-8000-1000,양준석070,010-8070-1070,2024-08-22,09:43:43,2024-08-22,09:53:11,9.47,LGU+,대전 유성,인천 부평,,
황미경003,010-8003-1003,유태경056,010-8056-1056,2024-07-04,01:15:24,2024-07-04,01:16:38,1.24,KT,대전 유성,서울 영등포,,
조현우,010-1210-1010,노시우009,010-8009-1009,2024-02-12,08:09:24,2024-02-12,08:22:30,13.1,LGU+,서울 영등포,대구 수성,,
홍예린,010-1243-1213,유태경008,010-8008-1008,2024-08-26,09:49:54,2024-08-26,09:56:10,6.28,SKT,수원 영통,서울 강남,,
도하린026,010-8026-1026,마준호059,010-8059-1059,2024-01-27,07:09:57,2024-01-27,07:10:58,1.03,SKT,인천 부평,대전 유성,,
송우진017,010-8017-1017,마준호011,010-8011-1011,2024-08-31,11:27:46,2024-08-31,11:41:02,13.27,LGU+,서울 영등포,대구 수성,,
송우진017,010-8017-1017,도하린058,010-8058-1058,2024-07-23,09:35:38,2024-07-23,09:37:00,1.37,SKT,서울 영등포,인천 부평,,
문재혁,010-1254-1214,도하린026,010-8026-1026,2024-08-12,09:53:44,2024-08-12,09:55:54,2.18,KT,수원 영통,서울 영등포,,
서유진,010-1199-1209,도하린042,010-8042-1042,2024-09-18,10:07:29,2024-09-18,10:16:45,9.27,KT,서울 서초,서울 영등포,,
마준호075,010-8075-1075,양준석070,010-8070-1070,2024-03-04,04:30:54,2024-03-04,04:36:37,5.73,LGU+,부산 해운대,서울 영등포,,
마준호059,010-8059-1059,장도윤031,010-8031-1031,2024-02-19,12:08:20,2024-02-19,12:22:18,13.97,SKT,대구 수성,대전 유성,,
최지훈,010-1133-1003,문재혁,010-1254-1114,2024-04-07,09:22:55,2024-04-07,09:37:11,14.27,LGU+,대전 유성,인천 부평,,
송우진017,010-8017-1017,황미경035,010-8035-1035,2024-06-04,12:04:58,2024-06-04,12:20:14,15.27,KT,대구 수성,수원 영통,,
남지연000,010-8000-1000,유태경040,010-8040-1040,2024-02-13,04:53:06,2024-02-13,05:04:12,11.11,LGU+,서울 서초,서울 영등포,,
마준호075,010-8075-1075,유태경040,010-8040-1040,2024-07-24,07:27:15,2024-07-24,07:36:07,8.88,LGU+,서울 영등포,대구 수성,,
안채원078,010-8078-1078,마준호075,010-8075-1075,2024-03-05,21:45:46,2024-03-05,21:53:53,8.12,SKT,서울 서초,서울 영등포,,
고은비021,010-8021-1021,변서연076,010-8076-1076,2024-04-05,02:57:23,2024-04-05,02:58:35,1.21,KT,부산 해운대,서울 강남,,
노시우073,010-8073-1073,안채원030,010-8030-1030,2024-02-08,00:46:00,2024-02-08,00:59:31,13.52,KT,서울 서초,서울 영등포,,
류하준002,010-8002-1002,도하린058,010-8058-1058,2024-04-12,17:05:28,2024-04-12,17:05:59,0.52,LGU+,인천 부평,인천 부평,,
설진우045,010-8045-1045,송우진017,010-8017-1017,2024-02-28,13:04:28,2024-02-28,13:05:31,1.05,SKT,서울 영등포,서울 영등포,,
유태경056,010-8056-1056,송우진033,010-8033-1033,2024-06-30,18:23:22,2024-06-30,18:24:34,1.2,LGU+,수원 영통,서울 영등포,,
오세진,010-1155-1205,차미래023,010-8023-1023,2024-09-15,04:00:54,2024-09-15,04:11:43,10.83,SKT,대전 유성,수원 영통,,
김철수,010-1100-1000,이영희,010-1111-1001,2024-02-19,11:54:22,2024-02-19,12:05:37,11.26,SKT,수원 영통,서울 서초,,
임수빈,010-1221-1211,송우진049,010-8049-1049,2024-09-21,23:38:36,2024-09-21,23:40:10,1.57,SKT,서울 영등포,수원 영통,,
도하린010,010-8010-1010,노시우041,010-8041-1041,2024-08-18,13:16:49,2024-08-18,13:17:58,1.15,SKT,대전 유성,대구 수성,,
한지우,010-1177-1207,안채원062,010-8062-1062,2024-08-08,02:43:48,2024-08-08,03:00:04,16.28,KT,서울 강남,서울 서초,,
변서연076,010-8076-1076,송우진049,010-8049-1049,2024-06-28,16:13:18,2024-06-28,16:29:22,16.07,KT,대전 유성,대구 수성,,
마준호059,010-8059-1059,변서연060,010-8060-1060,2024-01-16,01:06:31,2024-01-16,01:11:39,5.14,KT,서울 강남,서울 강남,,
송우진017,010-8017-1017,마준호075,010-8075-1075,2024-01-19,15:32:14,2024-01-19,15:33:17,1.05,KT,수원 영통,인천 부평,,
전성호004,010-8004-1004,노시우041,010-8041-1041,2024-07-23,03:59:43,2024-07-23,04:13:26,13.72,SKT,수원 영통,대구 수성,,
설진우045,010-8045-1045,노시우073,010-8073-1073,2024-03-26,12:22:11,2024-03-26,12:23:32,1.35,KT,서울 영등포,대구 수성,,
차미래055,010-8055-1055,마준호011,010-8011-1011,2024-03-11,10:59:22,2024-03-11,11:11:20,11.97,KT,서울 영등포,서울 강남,,
양준석038,010-8038-1038,류하준050,010-8050-1050,2024-01-09,07:57:28,2024-01-09,07:57:59,0.53,KT,수원 영통,수원 영통,,
강민재,010-1188-1208,마준호011,010-8011-1011,2024-07-25,16:47:17,2024-07-25,17:00:05,12.81,KT,수원 영통,수원 영통,,
서유진,010-1199-1209,송우진017,010-8017-1017,2024-10-06,15:11:58,2024-10-06,15:28:05,16.12,LGU+,서울 강남,서울 강남,,
강민재,010-1188-1208,윤다은,010-1166-1206,2024-09-03,07:54:06,2024-09-03,07:54:45,0.66,LGU+,대전 유성,서울 서초,,
정하늘,010-1144-1204,양준석038,010-8038-1038,2024-09-23,10:12:53,2024-09-23,10:13:48,0.93,LGU+,서울 강남,서울 강남,,
박민수,010-1122-1202,이영희,010-1111-1201,2024-07-08,09:10:28,2024-07-08,09:11:44,1.28,LGU+,인천 부평,서울 강남,,
마준호011,010-8011-1011,남지연000,010-8000-1000,2024-04-29,06:03:45,2024-04-29,06:06:06,2.35,KT,부산 해운대,수원 영통,,
고은비053,010-8053-1053,설진우013,010-8013-1013,2024-03-21,06:04:09,2024-03-21,06:04:53,0.74,KT,부산 해운대,서울 영등포,,
송우진017,010-8017-1017,마준호043,010-8043-1043,2024-06-08,11:11:45,2024-06-08,11:12:30,0.76,KT,수원 영통,서울 서초,,
권태영,010-1276-1116,유태경008,010-8008-1008,2024-06-07,22:27:46,2024-06-07,22:44:58,17.21,SKT,서울 강남,부산 해운대,,
홍예린,010-1243-1213,황미경035,010-8035-1035,2024-07-20,11:07:59,2024-07-20,11:18:34,10.59,LGU+,서울 영등포,서울 강남,,
강민재,010-1188-1208,양준석022,010-8022-1022,2024-10-02,12:33:08,2024-10-02,12:46:30,13.37,SKT,서울 강남,서울 강남,,
도하린058,010-8058-1058,유태경072,010-8072-1072,2024-06-26,09:07:00,2024-06-26,09:16:28,9.48,LGU+,서울 영등포,수원 영통,,
정하늘,010-1144-1104,문재혁,010-1254-1114,2024-05-15,23:23:48,2024-05-15,23:31:39,7.86,SKT,대구 수성,서울 강남,,
장도윤079,010-8079-1079,장도윤015,010-8015-1015,2024-09-19,18:04:59,2024-09-19,18:20:08,15.15,KT,수원 영통,서울 영등포,,
박민수,010-1122-1202,이영희,010-1111-1201,2024-08-02,21:37:36,2024-08-02,21:38:28,0.88,KT,부산 해운대,대전 유성,,
마준호027,010-8027-1027,황미경003,010-8003-1003,2024-04-22,02:46:44,2024-04-22,03:03:42,16.98,KT,인천 부평,수원 영통,,
유태경024,010-8024-1024,고은비005,010-8005-1005,2024-08-10,02:21:24,2024-08-10,02:22:27,1.05,KT,서울 영등포,인천 부평,,
차미래007,010-8007-1007,류하준050,010-8050-1050,2024-01-25,15:09:54,2024-01-25,15:10:16,0.37,LGU+,대전 유성,인천 부평,,
장도윤079,010-8079-1079,전성호004,010-8004-1004,2024-08-08,11:06:22,2024-08-08,11:22:11,15.83,SKT,서울 영등포,대전 유성,,
전성호068,010-8068-1068,설진우045,010-8045-1045,2024-07-19,19:22:34,2024-07-19,19:31:44,9.18,SKT,부산 해운대,서울 서초,,
서유진,010-1199-1109,유태경072,010-8072-1072,2024-05-03,18:53:54,2024-05-03,19:01:31,7.62,LGU+,대전 유성,대구 수성,,
장도윤079,010-8079-1079,도하린042,010-8042-1042,2024-07-05,12:10:13,2024-07-05,12:20:49,10.6,LGU+,서울 강남,서울 강남,,
이영희,010-1111-1001,김철수,010-1100-1000,2024-01-24,21:14:49,2024-01-24,21:20:44,5.92,SKT,부산 해운대,서울 서초,,
안채원046,010-8046-1046,송우진049,010-8049-1049,2024-09-19,06:49:25,2024-09-19,06:53:37,4.2,KT,대구 수성,서울 영등포,,
류하준018,010-8018-1018,전성호052,010-8052-1052,2024-07-12,19:46:33,2024-07-12,19:46:58,0.42,SKT,서울 강남,대전 유성,,
고은비037,010-8037-1037,유태경056,010-8056-1056,2024-05-05,14:00:50,2024-05-05,14:14:24,13.58,LGU+,인천 부평,대전 유성,,
전성호068,010-8068-1068,남지연000,010-8000-1000,2024-05-24,08:35:23,2024-05-24,08:45:03,9.68,SKT,부산 해운대,인천 부평,,
남지연032,010-8032-1032,유태경040,010-8040-1040,2024-05-23,23:26:50,2024-05-23,23:29:44,2.9,KT,서울 서초,서울 영등포,,
류하준002,010-8002-1002,송우진033,010-8033-1033,2024-09-28,11:32:56,2024-09-28,11:33:13,0.29,KT,대전 유성,서울 영등포,,
노시우009,010-8009-1009,황미경003,010-8003-1003,2024-06-11,12:20:39,2024-06-11,12:26:11,5.54,LGU+,서울 영등포,서울 강남,,
차미래007,010-8007-1007,장도윤063,010-8063-1063,2024-07-26,14:13:29,2024-07-26,14:25:02,11.56,LGU+,수원 영통,서울 서초,,
변서연076,010-8076-1076,설진우045,010-8045-1045,2024-07-09,16:49:21,2024-07-09,16:58:54,9.56,KT,대구 수성,부산 해운대,,
변서연060,010-8060-1060,고은비021,010-8021-1021,2024-01-03,03:17:34,2024-01-03,03:28:59,11.43,KT,서울 강남,서울 영등포,,
차미래071,010-8071-1071,설진우045,010-8045-1045,2024-05-02,21:10:55,2024-05-02,21:11:49,0.9,KT,서울 서초,인천 부평,,
차미래055,010-8055-1055,마준호043,010-8043-1043,2024-08-22,21:05:21,2024-08-22,21:06:16,0.92,SKT,서울 강남,서울 강남,,
고은비021,010-8021-1021,류하준034,010-8034-1034,2024-09-25,23:14:51,2024-09-25,23:16:06,1.25,KT,부산 해운대,서울 영등포,,
마준호011,010-8011-1011,남지연016,010-8016-1016,2024-06-09,11:45:59,2024-06-09,11:49:53,3.91,KT,대구 수성,서울 서초,,
유태경008,010-8008-1008,조현우,010-1210-1010,2024-02-02,09:24:47,2024-02-02,09:27:02,2.25,LGU+,대전 유성,부산 해운대,,
송우진033,010-8033-1033,장도윤079,010-8079-1079,2024-07-10,00:28:46,2024-07-10,00:29:46,1.01,LGU+,대구 수성,인천 부평,,
노시우041,010-8041-1041,설진우029,010-8029-1029,2024-05-31,19:26:32,2024-05-31,19:27:33,1.03,SKT,대구 수성,인천 부평,,
유태경024,010-8024-1024,전성호020,010-8020-1020,2024-02-12,11:38:51,2024-02-12,11:48:15,9.41,LGU+,대구 수성,서울 영등포,,
차미래039,010-8039-1039,전성호052,010-8052-1052,2024-01-11,07:56:26,2024-01-11,07:57:36,1.18,SKT,대전 유성,대구 수성,,
노시우057,010-8057-1057,양준석054,010-8054-1054,2024-05-19,10:39:06,2024-05-19,10:50:25,11.32,KT,부산 해운대,대전 유성,,
도하린058,010-8058-1058,안채원014,010-8014-1014,2024-04-27,18:20:50,2024-04-27,18:25:25,4.59,SKT,대구 수성,서울 강남,,
류하준034,010-8034-1034,안채원078,010-8078-1078,2024-03-01,19:27:46,2024-03-01,19:30:58,3.2,KT,서울 영등포,서울 서초,,
최지훈,010-1133-1103,이영희,010-1111-1201,2024-06-09,13:38:32,2024-06-09,13:38:53,0.35,LGU+,부산 해운대,인천 부평,,
차미래039,010-8039-1039,남지연032,010-8032-1032,2024-01-21,12:18:40,2024-01-21,12:19:22,0.71,KT,대전 유성,인천 부평,,
차미래023,010-8023-1023,안채원030,010-8030-1030,2024-05-17,00:42:57,2024-05-17,00:58:42,15.75,KT,대구 수성,대전 유성,,
고은비005,010-8005-1005,설진우029,010-8029-1029,2024-06-02,04:47:44,2024-06-02,04:48:26,0.71,KT,서울 강남,서울 강남,,
황미경035,010-8035-1035,노시우073,010-8073-1073,2024-03-08,03:18:25,2024-03-08,03:19:38,1.22,LGU+,인천 부평,수원 영통,,
설진우013,010-8013-1013,도하린010,010-8010-1010,2024-02-21,02:23:58,2024-02-21,02:25:25,1.46,LGU+,인천 부평,대구 수성,,
유태경040,010-8040-1040,변서연060,010-8060-1060,2024-06-23,18:50:21,2024-06-23,19:03:13,12.87,SKT,대전 유성,부산 해운대,,
강민재,010-1188-1008,장도윤047,010-8047-1047,2024-03-25,01:25:40,2024-03-25,01:31:51,6.19,LGU+,부산 해운대,대구 수성,,
홍예린,010-1243-1213,남지연048,010-8048-1048,2024-07-12,17:30:03,2024-07-12,17:41:52,11.82,LGU+,서울 영등포,서울 서초,,
노시우073,010-8073-1073,차미래039,010-8039-1039,2024-01-28,21:44:11,2024-01-28,21:48:02,3.86,SKT,대구 수성,대전 유성,,
전성호052,010-8052-1052,양준석038,010-8038-1038,2024-07-17,02:00:30,2024-07-17,02:17:16,16.77,SKT,부산 해운대,대전 유성,,
류하준002,010-8002-1002,전성호036,010-8036-1036,2024-01-03,14:18:08,2024-01-03,14:19:25,1.29,KT,서울 강남,서울 강남,,
김철수,010-1100-1000,이영희,010-1111-1101,2024-03-22,21:27:38,2024-03-22,21:29:42,2.08,KT,수원 영통,인천 부평,,
권태영,010-1276-1116,장도윤063,010-8063-1063,2024-04-10,23:57:34,2024-04-11,00:11:29,13.93,SKT,서울 영등포,서울 강남,,
류하준050,010-8050-1050,설진우061,010-8061-1061,2024-08-02,13:46:20,2024-08-02,13:47:20,1.0,KT,서울 서초,대구 수성,,
홍예린,010-1243-1213,유태경056,010-8056-1056,2024-08-02,05:56:26,2024-08-02,06:05:48,9.38,KT,대전 유성,대구 수성,,
남지연016,010-8016-1016,도하린058,010-8058-1058,2024-04-03,12:28:00,2024-04-03,12:37:39,9.66,KT,대구 수성,대전 유성,,
안채원030,010-8030-1030,변서연028,010-8028-1028,2024-04-13,01:51:44,2024-04-13,01:52:14,0.51,SKT,대전 유성,수원 영통,,
변서연012,010-8012-1012,전성호068,010-8068-1068,2024-02-18,01:39:29,2024-02-18,01:50:35,11.11,SKT,대전 유성,부산 해운대,,
황미경051,010-8051-1051,전성호036,010-8036-1036,2024-10-01,13:16:30,2024-10-01,13:26:57,10.45,LGU+,대구 수성,서울 영등포,,
양준석054,010-8054-1054,변서연012,010-8012-1012,2024-03-15,06:51:33,2024-03-15,06:57:52,6.33,KT,서울 서초,인천 부평,,
류하준050,010-8050-1050,설진우061,010-8061-1061,2024-09-08,04:31:54,2024-09-08,04:44:38,12.74,SKT,대구 수성,수원 영통,,
김철수,010-1100-1100,유태경024,010-8024-1024,2024-06-16,05:17:15,2024-06-16,05:33:19,16.07,SKT,서울 강남,대전 유성,,
양준석054,010-8054-1054,유태경072,010-8072-1072,2024-03-18,03:43:32,2024-03-18,03:58:59,15.45,LGU+,서울 강남,수원 영통,,
황미경003,010-8003-1003,차미래055,010-8055-1055,2024-08-31,22:28:43,2024-08-31,22:34:43,6.01,LGU+,서울 영등포,서울 영등포,,
황미경067,010-8067-1067,도하린010,010-8010-1010,2024-06-17,10:40:02,2024-06-17,10:41:07,1.09,KT,수원 영통,서울 강남,,
류하준066,010-8066-1066,남지연016,010-8016-1016,2024-06-12,20:33:55,2024-06-12,20:41:39,7.74,LGU+,인천 부평,서울 서초,,
류하준066,010-8066-1066,설진우045,010-8045-1045,2024-03-02,15:06:27,2024-03-02,15:10:14,3.79,KT,서울 영등포,대전 유성,,
변서연028,010-8028-1028,전성호020,010-8020-1020,2024-02-12,05:54:09,2024-02-12,05:54:28,0.32,SKT,서울 서초,대전 유성,,
설진우045,010-8045-1045,도하린074,010-8074-1074,2024-07-27,08:34:34,2024-07-27,08:37:41,3.13,LGU+,부산 해운대,인천 부평,,
양준석070,010-8070-1070,차미래055,010-8055-1055,2024-02-03,14:45:51,2024-02-03,14:46:04,0.23,LGU+,대전 유성,대전 유성,,
류하준050,010-8050-1050,도하린074,010-8074-1074,2024-09-01,21:40:03,2024-09-01,21:45:35,5.54,LGU+,대전 유성,부산 해운대,,
도하린074,010-8074-1074,장도윤047,010-8047-1047,2024-08-14,08:59:48,2024-08-14,09:00:30,0.71,LGU+,대전 유성,부산 해운대,,
마준호043,010-8043-1043,유태경056,010-8056-1056,2024-02-11,19:01:49,2024-02-11,19:11:31,9.7,LGU+,대구 수성,대전 유성,,
도하린074,010-8074-1074,전성호068,010-8068-1068,2024-02-24,12:18:49,2024-02-24,12:29:44,10.93,SKT,인천 부평,인천 부평,,
박민수,010-1122-1202,신소희,010-1265-1215,2024-07-11,20:50:21,2024-07-11,21:05:10,14.82,LGU+,서울 서초,대구 수성,,
설진우045,010-8045-1045,류하준050,010-8050-1050,2024-02-19,19:34:14,2024-02-19,19:37:28,3.24,SKT,서울 강남,서울 영등포,,
노시우057,010-8057-1057,류하준050,010-8050-1050,2024-03-28,14:55:10,2024-03-28,15:05:34,10.4,KT,대전 유성,부산 해운대,,
설진우077,010-8077-1077,류하준034,010-8034-1034,2024-02-16,23:12:46,2024-02-16,23:27:53,15.12,SKT,서울 영등포,인천 부평,,
장도윤015,010-8015-1015,송우진001,010-8001-1001,2024-05-31,06:23:24,2024-05-31,06:37:57,14.55,KT,서울 강남,부산 해운대,,
송우진065,010-8065-1065,전성호068,010-8068-1068,2024-02-09,09:04:19,2024-02-09,09:05:40,1.35,SKT,서울 서초,서울 영등포,,
변서연028,010-8028-1028,장도윤031,010-8031-1031,2024-08-13,20:51:13,2024-08-13,20:54:41,3.47,KT,부산 해운대,서울 강남,,
남지연032,010-8032-1032,고은비069,010-8069-1069,2024-04-18,13:54:28,2024-04-18,13:55:32,1.08,KT,서울 강남,서울 영등포,,
송우진065,010-8065-1065,마준호027,010-8027-1027,2024-07-09,00:28:25,2024-07-09,00:35:05,6.68,LGU+,수원 영통,대전 유성,,
고은비069,010-8069-1069,변서연076,010-8076-1076,2024-07-20,17:04:22,2024-07-20,17:13:40,9.3,LGU+,서울 강남,부산 해운대,,
차미래039,010-8039-1039,안채원062,010-8062-1062,2024-03-24,10:14:04,2024-03-24,10:15:07,1.05,KT,대전 유성,대구 수성,,
유태경056,010-8056-1056,도하린074,010-8074-1074,2024-07-26,08:33:59,2024-07-26,08:41:54,7.93,LGU+,수원 영통,서울 영등포,,
이영희,010-1111-1201,정하늘,010-1144-1104,2024-05-17,10:54:15,2024-05-17,10:55:31,1.28,SKT,인천 부평,수원 영통,,
황미경019,010-8019-1019,문재혁,010-1254-1114,2024-04-10,14:11:29,2024-04-10,14:20:28,8.99,KT,대전 유성,수원 영통,,
노시우025,010-8025-1025,양준석038,010-8038-1038,2024-07-09,07:58:50,2024-07-09,07:59:08,0.31,SKT,서울 영등포,수원 영통,,
황미경019,010-8019-1019,남지연016,010-8016-1016,2024-04-10,15:47:02,2024-04-10,16:01:28,14.44,LGU+,대전 유성,서울 강남,,
전성호052,010-8052-1052,유태경040,010-8040-1040,2024-05-15,12:36:09,2024-05-15,12:49:36,13.45,LGU+,서울 영등포,서울 서초,,
황미경035,010-8035-1035,양준석038,010-8038-1038,2024-05-14,03:39:06,2024-05-14,03:47:23,8.29,LGU+,서울 강남,부산 해운대,,
유태경040,010-8040-1040,차미래039,010-8039-1039,2024-01-29,14:36:26,2024-01-29,14:36:55,0.49,KT,부산 해운대,서울 서초,,
차미래055,010-8055-1055,양준석070,010-8070-1070,2024-04-26,16:32:10,2024-04-26,16:45:59,13.83,SKT,서울 서초,인천 부평,,
이영희,010-1111-1001,김철수,010-1100-1000,2024-02-05,17:49:08,2024-02-05,17:52:18,3.18,KT,서울 영등포,인천 부평,,
황미경067,010-8067-1067,전성호052,010-8052-1052,2024-08-09,05:09:45,2024-08-09,05:25:18,15.55,SKT,서울 서초,서울 영등포,,
김철수,010-1100-1000,이영희,010-1111-1001,2024-01-11,19:26:12,2024-01-11,19:27:37,1.43,KT,부산 해운대,부산 해운대,,
임수빈,010-1221-1011,안채원030,010-8030-1030,2024-02-19,01:25:36,2024-02-19,01:35:56,10.34,KT,서울 영등포,서울 강남,,
마준호043,010-8043-1043,마준호075,010-8075-1075,2024-09-20,19:46:55,2024-09-20,19:47:42,0.79,SKT,수원 영통,인천 부평,,
송우진001,010-8001-1001,안채원062,010-8062-1062,2024-02-09,17:29:06,2024-02-09,17:30:52,1.77,LGU+,대구 수성,대전 유성,,
류하준066,010-8066-1066,도하린042,010-8042-1042,2024-05-17,01:05:53,2024-05-17,01:13:04,7.19,KT,인천 부평,서울 서초,,
장도윤079,010-8079-1079,설진우061,010-8061-1061,2024-02-04,23:14:53,2024-02-04,23:27:03,12.17,KT,수원 영통,대구 수성,,
배성호,010-1232-1012,류하준018,010-8018-1018,2024-02-16,22:15:22,2024-02-16,22:23:06,7.74,SKT,인천 부평,인천 부평,,
차미래023,010-8023-1023,황미경003,010-8003-1003,2024-06-17,03:18:58,2024-06-17,03:26:58,8.01,SKT,수원 영통,인천 부평,,
도하린026,010-8026-1026,변서연028,010-8028-1028,2024-03-02,20:12:22,2024-03-02,20:13:13,0.85,LGU+,서울 강남,부산 해운대,,
남지연032,010-8032-1032,황미경035,010-8035-1035,2024-01-16,22:59:30,2024-01-16,23:17:27,17.95,LGU+,수원 영통,수원 영통,,
변서연028,010-8028-1028,설진우077,010-8077-1077,2024-08-24,22:10:48,2024-08-24,22:11:38,0.84,LGU+,서울 서초,서울 영등포,,
홍예린,010-1243-1113,설진우013,010-8013-1013,2024-05-06,09:55:02,2024-05-06,10:03:41,8.65,KT,서울 서초,수원 영통,,
변서연028,010-8028-1028,양준석054,010-8054-1054,2024-02-10,22:34:52,2024-02-10,22:35:38,0.77,KT,인천 부평,서울 강남,,
노시우073,010-8073-1073,전성호036,010-8036-1036,2024-09-10,11:12:39,2024-09-10,11:13:33,0.9,LGU+,서울 서초,부산 해운대,,
노시우073,010-8073-1073,황미경003,010-8003-1003,2024-05-06,18:38:17,2024-05-06,18:39:26,1.15,SKT,서울 서초,부산 해운대,,
차미래039,010-8039-1039,전성호068,010-8068-1068,2024-02-06,01:16:21,2024-02-06,01:16:36,0.26,KT,대구 수성,부산 해운대,,
황미경067,010-8067-1067,윤다은,010-1166-1106,2024-04-19,17:42:35,2024-04-19,17:48:28,5.89,SKT,부산 해운대,대구 수성,,
송우진001,010-8001-1001,설진우013,010-8013-1013,2024-02-26,16:20:16,2024-02-26,16:30:43,10.46,SKT,대구 수성,인천 부평,,
배성호,010-1232-1212,남지연016,010-8016-1016,2024-07-17,18:26:23,2024-07-17,18:36:40,10.29,SKT,수원 영통,서울 서초,,
신소희,010-1265-1215,고은비053,010-8053-1053,2024-08-21,18:03:35,2024-08-21,18:12:26,8.86,KT,서울 강남,대구 수성,,
고은비037,010-8037-1037,변서연044,010-8044-1044,2024-02-11,11:55:12,2024-02-11,11:57:09,1.96,KT,대전 유성,서울 강남,,
김철수,010-1100-1100,이영희,010-1111-1201,2024-07-10,14:57:33,2024-07-10,15:06:13,8.68,SKT,부산 해운대,서울 서초,,
황미경035,010-8035-1035,홍예린,010-1243-1013,2024-04-03,08:03:24,2024-04-03,08:10:31,7.12,LGU+,부산 해운대,수원 영통,,
류하준034,010-8034-1034,류하준002,010-8002-1002,2024-08-13,14:38:18,2024-08-13,14:45:56,7.64,SKT,수원 영통,서울 영등포,,
마준호075,010-8075-1075,변서연028,010-8028-1028,2024-01-03,22:02:26,2024-01-03,22:19:50,17.41,LGU+,서울 영등포,수원 영통,,
유태경072,010-8072-1072,고은비069,010-8069-1069,2024-05-15,02:46:03,2024-05-15,03:03:17,17.24,KT,수원 영통,부산 해운대,,
변서연044,010-8044-1044,마준호027,010-8027-1027,2024-01-29,00:47:15,2024-01-29,00:47:57,0.71,LGU+,서울 영등포,서울 서초,,
이영희,010-1111-1001,김철수,010-1100-1000,2024-01-02,13:02:46,2024-01-02,13:04:16,1.51,SKT,부산 해운대,서울 강남,,
전성호052,010-8052-1052,고은비005,010-8005-1005,2024-01-11,10:15:31,2024-01-11,10:32:25,16.91,KT,대구 수성,서울 강남,,
남지연032,010-8032-1032,양준석006,010-8006-1006,2024-05-17,20:05:36,2024-05-17,20:10:03,4.45,KT,대전 유성,서울 서초,,
장도윤015,010-8015-1015,장도윤031,010-8031-1031,2024-07-05,22:47:56,2024-07-05,23:04:58,17.04,SKT,대전 유성,서울 강남,,
유태경024,010-8024-1024,황미경035,010-8035-1035,2024-07-05,01:30:15,2024-07-05,01:35:03,4.8,SKT,대전 유성,대전 유성,,
노시우057,010-8057-1057,노시우009,010-8009-1009,2024-10-06,09:19:16,2024-10-06,09:30:20,11.07,LGU+,서울 영등포,대전 유성,,
박민수,010-1122-1102,문재혁,010-1254-1114,2024-06-22,21:38:03,2024-06-22,21:52:28,14.42,LGU+,대전 유성,서울 서초,,
유태경040,010-8040-1040,차미래039,010-8039-1039,2024-05-21,00:48:15,2024-05-21,00:49:14,0.99,LGU+,서울 영등포,서울 영등포,,
안채원030,010-8030-1030,송우진001,010-8001-1001,2024-05-21,04:15:23,2024-05-21,04:29:35,14.21,LGU+,서울 서초,인천 부평,,
송우진065,010-8065-1065,유태경056,010-8056-1056,2024-02-22,00:00:40,2024-02-22,00:18:20,17.67,KT,대구 수성,서울 강남,,
양준석022,010-8022-1022,류하준002,010-8002-1002,2024-03-18,22:25:24,2024-03-18,22:32:40,7.27,KT,대구 수성,서울 영등포,,
유태경008,010-8008-1008,변서연060,010-8060-1060,2024-08-20,08:19:15,2024-08-20,08:27:10,7.92,SKT,부산 해운대,인천 부평,,
류하준034,010-8034-1034,안채원030,010-8030-1030,2024-02-03,08:31:48,2024-02-03,08:48:03,16.25,SKT,대전 유성,부산 해운대,,
배성호,010-1232-1212,변서연076,010-8076-1076,2024-09-04,22:01:27,2024-09-04,22:18:28,17.02,SKT,대구 수성,서울 영등포,,
송우진049,010-8049-1049,설진우077,010-8077-1077,2024-02-08,03:34:43,2024-02-08,03:35:57,1.24,LGU+,서울 영등포,인천 부평,,
차미래071,010-8071-1071,송우진001,010-8001-1001,2024-06-30,16:11:04,2024-06-30,16:16:25,5.35,KT,서울 강남,서울 영등포,,
차미래039,010-8039-1039,윤다은,010-1166-1006,2024-03-10,06:02:02,2024-03-10,06:10:53,8.86,KT,대전 유성,서울 강남,,
권태영,010-1276-1216,윤다은,010-1166-1206,2024-08-25,22:19:41,2024-08-25,22:20:24,0.73,SKT,서울 강남,서울 강남,,
배성호,010-1232-1112,노시우025,010-8025-1025,2024-05-29,18:50:19,2024-05-29,19:03:53,13.57,SKT,수원 영통,대전 유성,,
서유진,010-1199-1109,송우진001,010-8001-1001,2024-06-21,09:36:43,2024-06-21,09:50:35,13.87,SKT,대구 수성,대구 수성,,
전성호068,010-8068-1068,설진우029,010-8029-1029,2024-05-03,01:32:54,2024-05-03,01:44:13,11.32,SKT,부산 해운대,서울 서초,,
변서연028,010-8028-1028,장도윤079,010-8079-1079,2024-04-20,03:53:14,2024-04-20,03:54:11,0.96,LGU+,서울 강남,인천 부평,,
황미경003,010-8003-1003,송우진049,010-8049-1049,2024-09-24,03:05:11,2024-09-24,03:18:31,13.34,LGU+,서울 강남,부산 해운대,,
홍예린,010-1243-1113,최지훈,010-1133-1103,2024-06-19,04:02:22,2024-06-19,04:12:38,10.28,LGU+,서울 영등포,수원 영통,,
변서연012,010-8012-1012,설진우077,010-8077-1077,2024-02-27,17:30:25,2024-02-27,17:46:52,16.46,LGU+,서울 영등포,서울 강남,,
차미래007,010-8007-1007,차미래055,010-8055-1055,2024-07-17,06:52:33,2024-07-17,06:53:07,0.58,SKT,대구 수성,대구 수성,,
고은비053,010-8053-1053,류하준050,010-8050-1050,2024-08-15,01:08:26,2024-08-15,01:09:09,0.72,KT,대전 유성,서울 강남,,
전성호004,010-8004-1004,남지연016,010-8016-1016,2024-02-26,10:59:34,2024-02-26,11:00:31,0.96,SKT,서울 영등포,대구 수성,,
도하린010,010-8010-1010,양준석022,010-8022-1022,2024-05-14,04:56:34,2024-05-14,05:07:20,10.78,SKT,서울 서초,서울 서초,,
차미래039,010-8039-1039,마준호075,010-8075-1075,2024-07-30,04:47:00,2024-07-30,04:50:12,3.21,LGU+,서울 영등포,대전 유성,,
안채원062,010-8062-1062,임수빈,010-1221-1011,2024-03-24,04:21:10,2024-03-24,04:31:02,9.88,LGU+,부산 해운대,수원 영통,,
류하준050,010-8050-1050,남지연048,010-8048-1048,2024-06-08,22:29:41,2024-06-08,22:33:18,3.62,LGU+,서울 서초,서울 영등포,,
도하린026,010-8026-1026,도하린074,010-8074-1074,2024-02-17,02:16:14,2024-02-17,02:16:59,0.76,LGU+,대구 수성,서울 영등포,,
노시우009,010-8009-1009,고은비037,010-8037-1037,2024-08-13,03:57:49,2024-08-13,03:58:31,0.7,KT,부산 해운대,서울 서초,,
황미경067,010-8067-1067,고은비021,010-8021-1021,2024-07-31,17:11:41,2024-07-31,17:27:28,15.79,KT,인천 부평,대전 유성,,
장도윤063,010-8063-1063,남지연064,010-8064-1064,2024-03-01,11:37:31,2024-03-01,11:44:44,7.22,LGU+,서울 영등포,서울 영등포,,
홍예린,010-1243-1113,차미래007,010-8007-1007,2024-05-21,20:08:44,2024-05-21,20:24:27,15.72,SKT,서울 영등포,대전 유성,,
송우진001,010-8001-1001,안채원046,010-8046-1046,2024-07-09,10:00:06,2024-07-09,10:09:18,9.21,LGU+,부산 해운대,부산 해운대,,
설진우077,010-8077-1077,남지연016,010-8016-1016,2024-01-04,08:23:08,2024-01-04,08:28:08,5.0,LGU+,대전 유성,대구 수성,,
설진우077,010-8077-1077,황미경067,010-8067-1067,2024-02-13,04:08:25,2024-02-13,04:09:35,1.17,SKT,서울 서초,인천 부평,,
장도윤015,010-8015-1015,류하준018,010-8018-1018,2024-08-17,04:09:46,2024-08-17,04:10:04,0.3,KT,대전 유성,부산 해운대,,
마준호027,010-8027-1027,전성호020,010-8020-1020,2024-05-02,17:41:04,2024-05-02,17:41:20,0.28,KT,인천 부평,서울 서초,,
마준호027,010-8027-1027,설진우061,010-8061-1061,2024-06-12,11:32:03,2024-06-12,11:36:24,4.35,LGU+,서울 강남,서울 서초,,
유태경072,010-8072-1072,차미래055,010-8055-1055,2024-09-29,16:43:22,2024-09-29,16:44:08,0.78,LGU+,대구 수성,인천 부평,,
장도윤047,010-8047-1047,도하린010,010-8010-1010,2024-06-01,04:11:18,2024-06-01,04:12:32,1.24,LGU+,부산 해운대,서울 영등포,,
유태경024,010-8024-1024,전성호052,010-8052-1052,2024-03-01,20:35:01,2024-03-01,20:42:33,7.54,SKT,서울 강남,수원 영통,,
안채원062,010-8062-1062,양준석006,010-8006-1006,2024-01-31,16:23:01,2024-01-31,16:33:38,10.62,SKT,대전 유성,수원 영통,,
전성호036,010-8036-1036,장도윤047,010-8047-1047,2024-09-21,18:07:56,2024-09-21,18:08:42,0.77,KT,대구 수성,서울 강남,,
이영희,010-1111-1201,윤다은,010-1166-1106,2024-06-10,08:20:07,2024-06-10,08:21:34,1.46,KT,서울 강남,수원 영통,,
마준호043,010-8043-1043,류하준002,010-8002-1002,2024-03-01,14:48:26,2024-03-01,15:05:57,17.53,SKT,수원 영통,서울 영등포,,
설진우061,010-8061-1061,안채원078,010-8078-1078,2024-09-11,09:49:43,2024-09-11,10:02:35,12.88,LGU+,서울 강남,부산 해운대,,
도하린042,010-8042-1042,변서연012,010-8012-1012,2024-05-09,16:58:00,2024-05-09,17:09:19,11.32,SKT,인천 부평,수원 영통,,
변서연076,010-8076-1076,변서연012,010-8012-1012,2024-08-28,12:21:02,2024-08-28,12:26:26,5.4,SKT,부산 해운대,서울 강남,,
설진우029,010-8029-1029,장도윤047,010-8047-1047,2024-03-04,01:06:42,2024-03-04,01:14:00,7.3,LGU+,서울 강남,서울 강남,,
한지우,010-1177-1007,마준호075,010-8075-1075,2024-02-04,00:16:13,2024-02-04,00:17:53,1.68,SKT,대구 수성,인천 부평,,
양준석006,010-8006-1006,전성호036,010-8036-1036,2024-07-07,14:52:30,2024-07-07,15:02:45,10.26,KT,대전 유성,서울 영등포,,
고은비037,010-8037-1037,장도윤015,010-8015-1015,2024-02-06,02:16:28,2024-02-06,02:17:54,1.44,KT,대전 유성,대구 수성,,
설진우077,010-8077-1077,양준석038,010-8038-1038,2024-03-04,06:48:25,2024-03-04,06:49:18,0.89,LGU+,서울 서초,수원 영통,,
조현우,010-1210-1010,최지훈,010-1133-1003,2024-01-14,13:03:25,2024-01-14,13:12:56,9.53,SKT,대구 수성,서울 서초,,
도하린074,010-8074-1074,유태경056,010-8056-1056,2024-03-16,06:19:11,2024-03-16,06:19:30,0.33,LGU+,서울 강남,서울 영등포,,
안채원046,010-8046-1046,양준석006,010-8006-1006,2024-05-23,13:25:21,2024-05-23,13:25:47,0.44,KT,서울 영등포,부산 해운대,,
남지연000,010-8000-1000,최지훈,010-1133-1003,2024-03-21,04:37:18,2024-03-21,04:40:17,2.99,KT,대구 수성,부산 해운대,,
변서연012,010-8012-1012,류하준018,010-8018-1018,2024-09-18,13:17:28,2024-09-18,13:34:31,17.06,SKT,서울 영등포,서울 서초,,
도하린058,010-8058-1058,황미경067,010-8067-1067,2024-07-21,17:34:46,2024-07-21,17:42:38,7.87,LGU+,수원 영통,대전 유성,,
남지연000,010-8000-1000,노시우009,010-8009-1009,2024-06-18,09:25:07,2024-06-18,09:25:56,0.82,LGU+,서울 강남,서울 강남,,
남지연000,010-8000-1000,송우진017,010-8017-1017,2024-08-25,12:19:19,2024-08-25,12:29:34,10.26,KT,수원 영통,대구 수성,,
박민수,010-1122-1002,조현우,010-1210-1010,2024-01-22,13:01:29,2024-01-22,13:18:08,16.66,KT,대구 수성,대구 수성,,
남지연000,010-8000-1000,양준석006,010-8006-1006,2024-08-16,10:33:50,2024-08-16,10:48:35,14.76,LGU+,서울 영등포,인천 부평,,
장도윤047,010-8047-1047,마준호027,010-8027-1027,2024-08-04,23:56:23,2024-08-04,23:58:40,2.29,KT,서울 강남,인천 부평,,
유태경056,010-8056-1056,설진우061,010-8061-1061,2024-05-03,15:32:17,2024-05-03,15:33:23,1.1,SKT,부산 해운대,부산 해운대,,
